key,translation,options,desc_en,desc_vi,chapter,status,notes
career entrepreneur,doanh nhân theo đuổi sự nghiệp lâu dài,doanh nhân theo đuổi sự nghiệp lâu dài,"someone who takes on the daily management as the owner of the venture, accepting, and perhaps enjoying, the daily risks and rewards of managing and building the venture","người trực tiếp đảm nhiệm việc quản lý hằng ngày với tư cách là chủ sở hữu doanh nghiệp, chấp nhận và thậm chí tận hưởng những rủi ro và phần thưởng gắn liền với quá trình vận hành và phát triển doanh nghiệp",Chương 1,approved,Source: glossary.md — Chương 1
disruptive technology,công nghệ đột phá,công nghệ đột phá,"technology that once introduced, displaces established patterns, processes, and systems previously accepted as normal or accepted methods","công nghệ khi được giới thiệu sẽ thay thế các mô hình, quy trình và hệ thống đã được chấp nhận trước đó như là chuẩn mực",Chương 1,approved,Source: glossary.md — Chương 1
divergent thinking,tư duy phân kỳ,tư duy phân kỳ,"process of generating as many ideas as possible, even when those ideas do not seem logical; the list of ideas can be conflicting, diverse, and disparate","quá trình tạo ra càng nhiều ý tưởng càng tốt, ngay cả khi những ý tưởng đó có vẻ không hợp lý; các ý tưởng có thể mâu thuẫn, đa dạng và rời rạc",Chương 1,approved,Source: glossary.md — Chương 1
due diligence,thẩm định kỹ lưỡng,thẩm định kỹ lưỡng,conducting the necessary research and investigation to make informed decisions that minimize risk,quá trình tiến hành nghiên cứu và điều tra cần thiết nhằm đưa ra các quyết định có cơ sở và giảm thiểu rủi ro,"Chương 1, Chương 2",approved,"Source: glossary.md — Chương 1, Chương 2"
entrepreneur,doanh nhân/nhà khởi nghiệp,doanh nhân/nhà khởi nghiệp,someone who identifies an idea that no one else has acted on or identified; small business ownership and franchising are also entrepreneurial options,người nhận diện một ý tưởng mà chưa ai phát hiện hoặc triển khai; việc sở hữu doanh nghiệp nhỏ hoặc nhượng quyền cũng được xem là các hình thức khởi nghiệp,Chương 1,approved,Source: glossary.md — Chương 1
entrepreneurial mindset,tư duy khởi nghiệp,tư duy khởi nghiệp,"awareness and focus on identifying an opportunity through solving a problem, and a willingness to move forward to advance that idea","khả năng nhận diện cơ hội thông qua việc giải quyết vấn đề, đi kèm với sự sẵn sàng hành động để hiện thực hóa ý tưởng đó",Chương 1,approved,Source: glossary.md — Chương 1
entrepreneurial venture,dự án khởi nghiệp,dự án khởi nghiệp,"any business, organization, project, or operation of interest that includes a level of risk in acting on an opportunity that has not previously been established","bất kỳ hoạt động kinh doanh, tổ chức hoặc dự án nào có yếu tố rủi ro khi khai thác một cơ hội chưa từng được triển khai trước đó","Chương 1, Chương 2",approved,"Source: glossary.md — Chương 1, Chương 2"
entrepreneurial vision,tầm nhìn khởi nghiệp,tầm nhìn khởi nghiệp,"idea of what an entrepreneur wants a venture to become, what it will look like, what the driving forces are, and what values and culture should surround it","hình dung về trạng thái tương lai của doanh nghiệp, bao gồm hình thái hoạt động, các động lực chính, cũng như các giá trị và văn hóa định hướng",Chương 1,approved,Source: glossary.md — Chương 1
harvest,thoái vốn/hiện thực hóa giá trị,thoái vốn/hiện thực hóa giá trị,"point at which the venture is sold, at which time the investors receive a return on their investment","thời điểm doanh nghiệp được bán hoặc chuyển nhượng, khi đó các nhà đầu tư thu được lợi nhuận từ khoản đầu tư của mình",Chương 1,approved,Source: glossary.md — Chương 1
lifestyle venture,doanh nghiệp phục vụ lối sống,doanh nghiệp phục vụ lối sống,"business whose founders’ primary focus is the lifestyle they will attain through becoming entrepreneurs, rather than a primary interest in financial rewards","doanh nghiệp mà mục tiêu chính của người sáng lập là đạt được phong cách sống mong muốn, thay vì tối đa hóa lợi nhuận tài chính",Chương 1,approved,Source: glossary.md — Chương 1
mission statement,tuyên bố sứ mệnh,tuyên bố sứ mệnh,"statement of an organization’s reason for being that defines its primary long-term goal, explains what the venture will do, what value it will provide to the end customer, and how it will accomplish that action","tuyên bố về lý do tồn tại của tổ chức, xác định mục tiêu dài hạn, mô tả doanh nghiệp sẽ làm gì, tạo ra giá trị gì cho khách hàng và cách thức thực hiện","Chương 1, Chương 7",approved,"Source: glossary.md — Chương 1, Chương 7"
opportunity-identifying perspective,góc nhìn nhận diện cơ hội,góc nhìn nhận diện cơ hội,method for identifying a problem and determining how it could be translated into an opportunity to create a new venture,phương pháp nhận diện vấn đề và chuyển hóa vấn đề đó thành cơ hội để xây dựng một doanh nghiệp mới,Chương 1,approved,Source: glossary.md — Chương 1
quantifiable manner,cách thức đo lường được,cách thức đo lường được,method to determine if a goal has been met or not,phương pháp xác định liệu một mục tiêu đã được đạt hay chưa thông qua các chỉ số có thể đo lường,Chương 1,approved,Source: glossary.md — Chương 1
serial entrepreneur,doanh nhân khởi nghiệp liên tiếp,doanh nhân khởi nghiệp liên tiếp,entrepreneur who becomes involved in starting multiple entrepreneurial ventures,doanh nhân tham gia khởi tạo nhiều dự án khởi nghiệp khác nhau,"Chương 1, Chương 2, Chương 15",approved,"Source: glossary.md — Chương 1, Chương 2, Chương 15"
smart goals,mục tiêu SMART,mục tiêu SMART,"well-structured and defined goals that are specific, measurable, achievable, realistic and timely","các mục tiêu được xác định rõ ràng, cụ thể, có thể đo lường, khả thi, thực tế và có thời hạn",Chương 1,approved,Source: glossary.md — Chương 1
social entrepreneur,doanh nhân xã hội,doanh nhân xã hội,"entrepreneur who has an interest in solving a social, environmental, or economic problem","doanh nhân tập trung giải quyết các vấn đề xã hội, môi trường hoặc kinh tế",Chương 1,approved,Source: glossary.md — Chương 1
value proposition,giá trị đề xuất,giá trị đề xuất,summary describing the benefits (value) customers can expect from a particular product or service,bản mô tả tổng hợp các lợi ích mà khách hàng có thể nhận được từ một sản phẩm hoặc dịch vụ,"Chương 1, Chương 7, Chương 11",approved,"Source: glossary.md — Chương 1, Chương 7, Chương 11"
vision statement,tuyên bố tầm nhìn,tuyên bố tầm nhìn,picture of what the venture will become in the future or what the venture will grow into,mô tả về trạng thái tương lai mà doanh nghiệp hướng tới hoặc sẽ phát triển thành,Chương 1,approved,Source: glossary.md — Chương 1
opportunity recognition,nhận diện cơ hội kinh doanh,nhận diện cơ hội kinh doanh,"the process of identifying potential opportunities to create value by recognizing unmet needs, problems, or gaps in the market.","quá trình xác định các cơ hội tiềm năng để tạo ra giá trị thông qua việc nhận ra những nhu cầu chưa được đáp ứng, các vấn đề hoặc khoảng trống trên thị trường.",Chương 1 (bổ sung),approved,Source: glossary.md — Chương 1 (bổ sung)
value creation,tạo ra giá trị,tạo ra giá trị,"the process of generating benefits for customers, stakeholders, or society through products, services, or solutions.","quá trình tạo ra lợi ích cho khách hàng, các bên liên quan hoặc xã hội thông qua sản phẩm, dịch vụ hoặc giải pháp.",Chương 1 (bổ sung),approved,Source: glossary.md — Chương 1 (bổ sung)
market entry,gia nhập thị trường,gia nhập thị trường,the strategy and process by which a business enters a new market to offer its products or services.,chiến lược và quá trình mà một doanh nghiệp đưa sản phẩm hoặc dịch vụ của mình vào một thị trường mới.,Chương 1 (bổ sung),approved,Source: glossary.md — Chương 1 (bổ sung)
entrepreneurial ecosystem,hệ sinh thái khởi nghiệp,hệ sinh thái khởi nghiệp,"a network of interconnected individuals, organizations, institutions, and resources that support and influence entrepreneurial activity within a specific region or environment.","hệ thống các cá nhân, tổ chức, thể chế và nguồn lực có mối liên kết với nhau, cùng hỗ trợ và tác động đến hoạt động khởi nghiệp trong một khu vực hoặc môi trường nhất định.",Chương 1 (bổ sung),approved,Source: glossary.md — Chương 1 (bổ sung)
action plan,kế hoạch hành động,kế hoạch hành động,"organized, step-by-step outline or guide that pulls together the ideas, thoughts, and key steps necessary to help set the stage for entrepreneurial success","bản kế hoạch có tổ chức, theo từng bước, tổng hợp các ý tưởng, suy nghĩ và các bước quan trọng cần thiết nhằm tạo nền tảng cho sự thành công trong khởi nghiệp",Chương 2,approved,Source: glossary.md — Chương 2
benchmarking,so sánh chuẩn (benchmarking),so sánh chuẩn (benchmarking),"comparing one’s own company’s performance with an industry average, a leader within the industry, or a market segment","việc so sánh hiệu suất của công ty với mức trung bình của ngành, một doanh nghiệp dẫn đầu trong ngành hoặc một phân khúc thị trường","Chương 2, Chương 12",approved,"Source: glossary.md — Chương 2, Chương 12"
bootstrapping,tự huy động vốn,tự huy động vốn,funding strategy that seeks to optimize use of personal funds and other creative strategies (such as bartering) to minimize cash outflows,chiến lược tài trợ nhằm tối ưu hóa việc sử dụng nguồn vốn cá nhân và các phương thức sáng tạo khác (như trao đổi hàng hóa/dịch vụ) để giảm thiểu dòng tiền chi ra,"Chương 2, Chương 9",approved,"Source: glossary.md — Chương 2, Chương 9"
breakeven point,điểm hòa vốn,điểm hòa vốn,level of operations that results in exactly enough revenue to cover costs,mức hoạt động tạo ra doanh thu vừa đủ để bù đắp chi phí,"Chương 2, Chương 9, Chương 11",approved,"Source: glossary.md — Chương 2, Chương 9, Chương 11"
business model,mô hình kinh doanh,mô hình kinh doanh,"plan for how venture will be funded; how the venture creates value for its stakeholders, including customers; how the venture’s offerings are made and distributed to the end users; and how income will be generated through this process","kế hoạch về cách doanh nghiệp sẽ được tài trợ; cách doanh nghiệp tạo ra giá trị cho các bên liên quan, bao gồm khách hàng; cách các sản phẩm hoặc dịch vụ được tạo ra và phân phối đến người dùng cuối; và cách thu nhập sẽ được tạo ra thông qua quá trình này","Chương 2, Chương 5, Chương 11",approved,"Source: glossary.md — Chương 2, Chương 5, Chương 11"
capitalism,chủ nghĩa tư bản,chủ nghĩa tư bản,"system in which individuals, people, and companies have the freedom to make decisions and own property as well as benefit from their own efforts, with government playing a secondary role in oversight","hệ thống trong đó cá nhân và doanh nghiệp có quyền tự do ra quyết định, sở hữu tài sản và hưởng lợi từ nỗ lực của mình, với vai trò giám sát của chính phủ ở mức thứ yếu",Chương 2,approved,Source: glossary.md — Chương 2
cash flow,dòng tiền,dòng tiền,money collected by the business through revenue and funding versus money disbursed by the business through expenses,số tiền doanh nghiệp thu được từ doanh thu và nguồn tài trợ so với số tiền chi ra thông qua các khoản chi phí,"Chương 2, Chương 12",approved,"Source: glossary.md — Chương 2, Chương 12"
cash management,quản lý dòng tiền,quản lý dòng tiền,management of cash inflows and outflows to support cash needs of the venture,việc quản lý dòng tiền vào và dòng tiền ra nhằm đáp ứng nhu cầu tiền mặt của doanh nghiệp,Chương 2,approved,Source: glossary.md — Chương 2
corporate entrepreneurship,khởi nghiệp trong doanh nghiệp,khởi nghiệp trong doanh nghiệp,"development of new ideas, opportunities, or ventures through formal research and development processes that focused on the corporation’s strategy and goals","việc phát triển các ý tưởng, cơ hội hoặc dự án mới thông qua các quy trình nghiên cứu và phát triển chính thức, phù hợp với chiến lược và mục tiêu của doanh nghiệp",Chương 2,approved,Source: glossary.md — Chương 2
creative destruction,sự hủy diệt sáng tạo,sự hủy diệt sáng tạo,"theory developed by Joseph Schumpeter stating that entrepreneurial innovation is the disruptive force that creates and sustains economic growth, though in the process, it destroys established companies and disrupts employment","lý thuyết do Joseph Schumpeter phát triển, cho rằng đổi mới khởi nghiệp là lực lượng phá vỡ tạo ra và duy trì tăng trưởng kinh tế, mặc dù trong quá trình đó nó phá hủy các doanh nghiệp hiện hữu và làm gián đoạn việc làm","Chương 2, Chương 5",approved,"Source: glossary.md — Chương 2, Chương 5"
e-commerce,thương mại điện tử,thương mại điện tử,"electronic transactions, particularly over the Internet, for the exchange of goods and services","các giao dịch điện tử, đặc biệt qua Internet, nhằm trao đổi hàng hóa và dịch vụ",Chương 2,approved,Source: glossary.md — Chương 2
entrepreneurial journey,hành trình khởi nghiệp,hành trình khởi nghiệp,your exploration to discover if entrepreneurship is right for you,quá trình khám phá của bạn nhằm xác định liệu khởi nghiệp có phù hợp với bạn hay không,Chương 2,approved,Source: glossary.md — Chương 2
entrepreneurial process,quy trình khởi nghiệp,quy trình khởi nghiệp,set of decisions or actions that can be outlined and followed as a guide to developing or adjusting a venture,tập hợp các quyết định hoặc hành động có thể được xác định và thực hiện theo như một hướng dẫn để phát triển hoặc điều chỉnh doanh nghiệp,Chương 2,approved,Source: glossary.md — Chương 2
entrepreneurial spirit,tinh thần khởi nghiệp,tinh thần khởi nghiệp,describes a quality of those individuals who are productive self-starters focused on making changes happen,"mô tả phẩm chất của những cá nhân chủ động, làm việc hiệu quả và tập trung vào việc tạo ra sự thay đổi",Chương 2,approved,Source: glossary.md — Chương 2
framework,khuôn khổ,khuôn khổ,"structure or outlined process that can be used to accomplish entrepreneurial goals through problem solving, idea generation and validation, and brainstorming","cấu trúc hoặc quy trình được phác thảo có thể được sử dụng để đạt được mục tiêu khởi nghiệp thông qua giải quyết vấn đề, tạo và kiểm chứng ý tưởng, và động não",Chương 2,approved,Source: glossary.md — Chương 2
franchising,nhượng quyền thương mại,nhượng quyền thương mại,form of licensing that allows the business (franchisor) to share its business model to expand through various distributors (franchisees) for a fee,hình thức cấp phép cho phép doanh nghiệp (bên nhượng quyền) chia sẻ mô hình kinh doanh của mình để mở rộng thông qua các bên nhận quyền khác nhau để đổi lấy một khoản phí,"Chương 2, Chương 10",approved,"Source: glossary.md — Chương 2, Chương 10"
independent contractor,nhà thầu độc lập,nhà thầu độc lập,"people or businesses that provide work similar to an employee without being part of the payroll for the contracting business, and who pay their own taxes and pay for their own benefits","cá nhân hoặc doanh nghiệp cung cấp công việc tương tự như nhân viên nhưng không thuộc biên chế của doanh nghiệp thuê, và tự chịu trách nhiệm nộp thuế cũng như chi trả các quyền lợi của mình",Chương 2,approved,Source: glossary.md — Chương 2
innovation,đổi mới,đổi mới,"new idea, process, or product, or a change to an existing product or process","ý tưởng, quy trình hoặc sản phẩm mới, hoặc sự thay đổi đối với sản phẩm hoặc quy trình hiện có","Chương 2, Chương 4, Chương 11",approved,"Source: glossary.md — Chương 2, Chương 4, Chương 11"
intrapreneur,doanh nhân nội bộ,doanh nhân nội bộ,"employee who acts as an entrepreneur within an organization, rather than going solo",nhân viên hành động như một doanh nhân bên trong tổ chức thay vì khởi nghiệp độc lập,Chương 2,approved,Source: glossary.md — Chương 2
milestone,cột mốc,cột mốc,significant decision point or significant accomplishment,điểm quyết định quan trọng hoặc thành tựu quan trọng,Chương 2,approved,Source: glossary.md — Chương 2
patent,bằng sáng chế,bằng sáng chế,"legal grant of protection for an inventor over the rights, usage, and commercialization of an invention for a set time period","sự bảo hộ pháp lý dành cho nhà phát minh đối với quyền sở hữu, sử dụng và thương mại hóa một phát minh trong một khoảng thời gian nhất định",Chương 2,approved,Source: glossary.md — Chương 2
situational opportunity,cơ hội tình huống,cơ hội tình huống,"one that becomes available, depending on factors such as where you work, your family obligations, your idea or invention, your unique creative expression, or a recent career search or job change","cơ hội xuất hiện tùy thuộc vào các yếu tố như nơi bạn làm việc, nghĩa vụ gia đình, ý tưởng hoặc phát minh của bạn, khả năng sáng tạo riêng biệt hoặc việc tìm kiếm việc làm hay thay đổi nghề nghiệp gần đây",Chương 2,approved,Source: glossary.md — Chương 2
soft launch,ra mắt thử nghiệm (soft launch),ra mắt thử nghiệm (soft launch),"launching a venture for a limited time frame or audience to gain experience, insights, and feedback about the target market or consumer","việc triển khai một doanh nghiệp trong một khoảng thời gian hoặc với một nhóm đối tượng hạn chế nhằm thu thập kinh nghiệm, hiểu biết và phản hồi về thị trường mục tiêu hoặc khách hàng",Chương 2,approved,Source: glossary.md — Chương 2
target market,thị trường mục tiêu,thị trường mục tiêu,specific group of consumers for which a company seeks to provide a good or service,nhóm người tiêu dùng cụ thể mà doanh nghiệp hướng tới phục vụ bằng sản phẩm hoặc dịch vụ,"Chương 2, Chương 8",approved,"Source: glossary.md — Chương 2, Chương 8"
venture,doanh nghiệp (venture),doanh nghiệp (venture),startup company or organization that conducts business or is created to satisfy a need,công ty hoặc tổ chức khởi nghiệp tiến hành hoạt động kinh doanh hoặc được thành lập để đáp ứng một nhu cầu,Chương 2,approved,Source: glossary.md — Chương 2
vertical integration,tích hợp dọc,tích hợp dọc,strategy of gaining control over suppliers of raw materials and distributors of finished products to expand or control the relevant supply chain,chiến lược giành quyền kiểm soát các nhà cung cấp nguyên vật liệu và các nhà phân phối sản phẩm hoàn chỉnh nhằm mở rộng hoặc kiểm soát chuỗi cung ứng liên quan,Chương 2,approved,Source: glossary.md — Chương 2
career trajectory,lộ trình nghề nghiệp,lộ trình nghề nghiệp,"the overall path of an individual’s professional development over time, including roles, experiences, and career progression.","quá trình phát triển nghề nghiệp của một cá nhân theo thời gian, bao gồm các vị trí công việc, kinh nghiệm tích lũy và sự tiến triển trong sự nghiệp.",Chương 2 (bổ sung),approved,Source: glossary.md — Chương 2 (bổ sung)
entrepreneurial exposure,mức độ tiếp xúc với môi trường khởi nghiệp,mức độ tiếp xúc với môi trường khởi nghiệp,"the extent to which an individual has been exposed to entrepreneurial activities, environments, or influences, such as through education, family, work, or social networks.","Mức độ mà một cá nhân được tiếp cận với các hoạt động, môi trường hoặc ảnh hưởng liên quan đến khởi nghiệp, thông qua giáo dục, gia đình, công việc hoặc các mối quan hệ xã hội.",Chương 2 (bổ sung),approved,Source: glossary.md — Chương 2 (bổ sung)
self-employment,tự kinh doanh (tự làm chủ),tự kinh doanh (tự làm chủ),A work arrangement in which an individual operates their own business or works independently rather than being employed by an organization.,"Hình thức làm việc trong đó cá nhân tự vận hành hoạt động kinh doanh hoặc làm việc độc lập, thay vì làm việc cho một tổ chức như một nhân viên. .",Chương 2 (bổ sung),approved,Source: glossary.md — Chương 2 (bổ sung)
venture lifecycle,vòng đời doanh nghiệp khởi nghiệp,vòng đời doanh nghiệp khởi nghiệp,"The stages a venture goes through from its initial idea and development to growth, maturity, and eventual exit or decline.","Các giai đoạn mà một dự án hoặc doanh nghiệp khởi nghiệp trải qua, từ ý tưởng ban đầu, phát triển, tăng trưởng, trưởng thành cho đến thoái vốn hoặc suy giảm.",Chương 2 (bổ sung),approved,Source: glossary.md — Chương 2 (bổ sung)
anchoring strategies,chiến lược neo (đạo đức),chiến lược neo (đạo đức),"in the ethical context, the process of making ethics a foundation (anchor) of your business so that decision makers act keeping in mind key ethical considerations","trong bối cảnh đạo đức, là quá trình lấy đạo đức làm nền tảng (neo) cho doanh nghiệp để những người ra quyết định luôn cân nhắc các yếu tố đạo đức quan trọng",Chương 3,approved,Source: glossary.md — Chương 3
antitrust laws,luật chống độc quyền,luật chống độc quyền,prevent companies from abusing position or power in the market through exclusion or limitation of competitor access to the market,các quy định ngăn chặn doanh nghiệp lạm dụng vị thế hoặc quyền lực trên thị trường thông qua việc loại trừ hoặc hạn chế khả năng tiếp cận thị trường của đối thủ cạnh tranh,3,approved,
business ethics,đạo đức kinh doanh,đạo đức kinh doanh,conduct by which companies and their agents abide by the law and respect the rights of their stakeholders,particularly their customers,clients,employees,and the surrounding community and environment
conflict of interest,xung đột lợi ích,xung đột lợi ích,when an individual or organization has interests in multiple areas that come into conflict with each other,khi một cá nhân hoặc tổ chức có lợi ích trong nhiều lĩnh vực và các lợi ích này xung đột với nhau,3,approved,
copyright,bản quyền,bản quyền,grants the creator of a work the exclusive right to reproduce the work,typically for a specified period of time,trao cho người sáng tạo một tác phẩm quyền độc quyền sao chép tác phẩm đó,thường trong một khoảng thời gian nhất định,3
corporate social responsibility (csr),trách nhiệm xã hội của doanh nghiệp (CSR),trách nhiệm xã hội của doanh nghiệp (CSR),"practice in which a business views itself within a broader context, as a member of society with certain implicit social obligations and responsibility for its own effects on environmental and social well-being","thực tiễn trong đó doanh nghiệp nhìn nhận mình trong bối cảnh rộng lớn hơn, như một thành viên của xã hội với các nghĩa vụ xã hội ngầm định và trách nhiệm đối với tác động của mình đến môi trường và phúc lợi xã hội",Chương 3,approved,Source: glossary.md — Chương 3
design patent,bằng sáng chế kiểu dáng,bằng sáng chế kiểu dáng,protects product design,bảo hộ thiết kế của sản phẩm,3,approved,
disclosure,công bố thông tin,công bố thông tin,sharing the needed facts and details about a subject in a transparent and truthful way,việc chia sẻ các thông tin và chi tiết cần thiết về một vấn đề một cách minh bạch và trung thực,3,approved,
diversity,đa dạng,đa dạng,"inclusion of many types of employees, regardless of differences (race, religion, gender, disability, LGBTQ, socioeconomic, cultural)","việc bao gồm nhiều loại nhân sự khác nhau, bất kể các khác biệt về chủng tộc, tôn giáo, giới tính, khuyết tật, LGBTQ, điều kiện kinh tế xã hội hoặc văn hóa",Chương 3,approved,Source: glossary.md — Chương 3
environmental entrepreneurship,khởi nghiệp môi trường,khởi nghiệp môi trường,entrepreneurial ventures focused on identifying an environmental problem and creating a product or process to solve that problem,các hoạt động khởi nghiệp tập trung vào việc xác định một vấn đề môi trường và tạo ra sản phẩm hoặc quy trình để giải quyết vấn đề đó,Chương 3,approved,Source: glossary.md — Chương 3
ethics,đạo đức,đạo đức,,,3,approved,
fairness,sự công bằng,sự công bằng,impartial,unbiased compliance with rules and standards of what is right,just,and equitable,sự tuân thủ các quy tắc và tiêu chuẩn một cách khách quan
integrity,tính chính trực,tính chính trực,adherence to a code of moral values implying trustworthiness and incorruptibility because there is unity between what we say and what we do,việc tuân thủ một hệ thống các giá trị đạo đức,thể hiện sự đáng tin cậy và không bị tha hóa,bởi có sự thống nhất giữa lời nói và hành động,3
intellectual property,tài sản trí tuệ,tài sản trí tuệ,legally protected result of creative work to turn a unique idea into a product or service,kết quả của hoạt động sáng tạo được pháp luật bảo hộ nhằm biến một ý tưởng độc đáo thành sản phẩm hoặc dịch vụ,3,approved,
prejudice,định kiến,định kiến,"way of thinking about or treating employees in a manner that favors or hinders one person or group over another, usually in a way considered to be unfair","cách suy nghĩ hoặc đối xử với nhân viên theo cách ưu ái hoặc gây bất lợi cho một cá nhân hoặc nhóm so với người khác, thường được coi là không công bằng",Chương 3,approved,Source: glossary.md — Chương 3
social entrepreneurship,khởi nghiệp xã hội,khởi nghiệp xã hội,entrepreneurial ventures focused on identifying a societal problem and creating a product or process to solve that problem,các hoạt động khởi nghiệp tập trung vào việc xác định một vấn đề xã hội và tạo ra sản phẩm hoặc quy trình để giải quyết vấn đề đó,Chương 3,approved,Source: glossary.md — Chương 3
sustainability,tính bền vững,tính bền vững,practice of preserving resources and operating in a way that is ecologically responsible in the long term,thực hành bảo tồn tài nguyên và vận hành theo cách có trách nhiệm với môi trường trong dài hạn,Chương 3,approved,Source: glossary.md — Chương 3
trade secret,bí mật thương mại,bí mật thương mại,proprietary information,processes,or other internal knowledge that contribute to an organization’s competitive edge in a market,thông tin độc quyền,quy trình hoặc kiến thức nội bộ khác góp phần tạo lợi thế cạnh tranh cho tổ chức trên thị trường
trademark,nhãn hiệu,nhãn hiệu,registration that provides the owner the ability to use a name,symbol,jingle,or character in conjunction with a specific product or service,and prevents others from using those same symbols to sell their products
truthfulness,tính trung thực,tính trung thực,underlying facts,reality,and evidence on a matter,các sự kiện cơ bản,thực tế và bằng chứng liên quan đến một vấn đề
utility patent,bằng sáng chế tiện ích,bằng sáng chế tiện ích,protects product ideas,bảo hộ các ý tưởng sản phẩm,3,approved,
corporate governance,quản trị doanh nghiệp,quản trị doanh nghiệp,"the system of rules, practices, and processes by which a company is directed and controlled.","hệ thống các quy tắc, thông lệ và quy trình được sử dụng để định hướng và kiểm soát hoạt động của doanh nghiệp.",Chương 3 (bổ sung),approved,Source: glossary.md — Chương 3 (bổ sung)
ethical standards,chuẩn mực đạo đức,chuẩn mực đạo đức,principles and criteria that guide behavior in determining what is right and wrong in a given context.,"các nguyên tắc và tiêu chí định hướng hành vi, giúp xác định điều gì là đúng và sai trong một bối cảnh cụ thể.",Chương 3 (bổ sung),approved,Source: glossary.md — Chương 3 (bổ sung)
social impact,tác động xã hội,tác động xã hội,"the effect of an action, business, or initiative on individuals, communities, and society as a whole.","những ảnh hưởng mà một hành động, doanh nghiệp hoặc sáng kiến gây ra đối với cá nhân, cộng đồng và xã hội nói chung.",Chương 3 (bổ sung),approved,Source: glossary.md — Chương 3 (bổ sung)
accountability,trách nhiệm giải trình,trách nhiệm giải trình,the obligation of individuals or organizations to take responsibility for their actions and to disclose results in a transparent manner.,nghĩa vụ của cá nhân hoặc tổ chức trong việc chịu trách nhiệm về hành động của mình và minh bạch thông tin về kết quả.,Chương 3 (bổ sung),approved,Source: glossary.md — Chương 3 (bổ sung)
brainstorming,động não,động não,generation of ideas in an environment free of judgment or dissension with the goal of creating solutions,quá trình tạo ra các ý tưởng trong một môi trường không có sự phán xét hoặc bất đồng nhằm mục tiêu tạo ra các giải pháp,"Chương 4, Chương 6",approved,"Source: glossary.md — Chương 4, Chương 6"
creativity,sự sáng tạo,sự sáng tạo,development of original ideas,sự phát triển các ý tưởng mang tính nguyên bản,"Chương 4, Chương 6",approved,"Source: glossary.md — Chương 4, Chương 6"
design thinking,tư duy thiết kế,tư duy thiết kế,"method to focus the design and development decisions of a product on the needs of the customer, typically involving an empathy-driven process to define complex problems and create solutions that address those problems","phương pháp tập trung các quyết định thiết kế và phát triển sản phẩm vào nhu cầu của khách hàng, thường bao gồm một quy trình dựa trên sự thấu cảm nhằm xác định các vấn đề phức tạp và tạo ra các giải pháp giải quyết các vấn đề đó","Chương 4, Chương 6",approved,"Source: glossary.md — Chương 4, Chương 6"
diffusion chasm,khoảng cách khuếch tán,khoảng cách khuếch tán,"most critical point of adoption, which often occurs at the end of the early adoption phase, before the early majority steps in and truly confirms (or not) the diffusion of an invention","điểm quan trọng nhất trong quá trình chấp nhận, thường xảy ra vào cuối giai đoạn chấp nhận sớm, trước khi nhóm đa số sớm tham gia và thực sự xác nhận (hoặc không) sự lan rộng của một phát minh",Chương 4,approved,Source: glossary.md — Chương 4
disruptive innovation,đổi mới đột phá,đổi mới đột phá,process that significantly impacts the market by making a product or service more affordable and/or accessible often by smaller companies in an industry,"quá trình tác động đáng kể đến thị trường bằng cách làm cho một sản phẩm hoặc dịch vụ trở nên dễ tiếp cận hơn về chi phí và/hoặc khả năng tiếp cận, thường do các công ty nhỏ trong ngành thực hiện","Chương 4, Chương 11",approved,"Source: glossary.md — Chương 4, Chương 11"
empathy,sự thấu cảm,sự thấu cảm,"human ability to feel what other humans are feeling, which in the context of creativity, innovation, and invention is essential to beginning a process of human-centric design","khả năng của con người trong việc cảm nhận những gì người khác đang cảm nhận, điều này trong bối cảnh sáng tạo, đổi mới và phát minh là yếu tố thiết yếu để bắt đầu quá trình thiết kế lấy con người làm trung tâm",Chương 4,approved,Source: glossary.md — Chương 4
ideation,quá trình hình thành ý tưởng,quá trình hình thành ý tưởng,purposeful process of opening up one’s mind to new trains of thought that branch out in many directions from a stated purpose or problem,"quá trình có chủ đích nhằm mở rộng tư duy sang các hướng suy nghĩ mới, phát triển theo nhiều hướng khác nhau từ một mục tiêu hoặc vấn đề đã xác định",Chương 4,approved,Source: glossary.md — Chương 4
incremental innovation,đổi mới gia tăng,đổi mới gia tăng,innovation that modifies an existing product or service,sự đổi mới điều chỉnh hoặc cải tiến một sản phẩm hoặc dịch vụ đã tồn tại,Chương 4,approved,Source: glossary.md — Chương 4
invention,phát minh,phát minh,"truly novel product, service, or process that, though based on ideas and products that have come before, represents a leap, a creation truly novel and different","sản phẩm, dịch vụ hoặc quy trình thực sự mới, mặc dù dựa trên các ý tưởng và sản phẩm trước đó, nhưng đại diện cho một bước nhảy vọt, một sự sáng tạo thực sự mới và khác biệt",Chương 4,approved,Source: glossary.md — Chương 4
iterative development,phát triển lặp,phát triển lặp,process in which inventors and innovators continuously engage with potential customers in order to develop their products and their consumer bases at the same time,quá trình trong đó các nhà phát minh và nhà đổi mới liên tục tương tác với khách hàng tiềm năng nhằm phát triển sản phẩm và đồng thời xây dựng tệp khách hàng,Chương 4,approved,Source: glossary.md — Chương 4
lateral thinking,tư duy phi tuyến,tư duy phi tuyến,free and open thinking in which established patterns of logical thought are purposefully ignored or even challenged,"kiểu tư duy tự do và mở, trong đó các khuôn mẫu logic đã thiết lập bị cố ý bỏ qua hoặc thậm chí bị thách thức",Chương 4,approved,Source: glossary.md — Chương 4
linear thinking,tư duy tuyến tính,tư duy tuyến tính,"logical, step-by-step process",quá trình tư duy logic theo từng bước,Chương 4,approved,Source: glossary.md — Chương 4
minimum viable product (mvp),sản phẩm khả thi tối thiểu (MVP),sản phẩm khả thi tối thiểu (MVP),early version or prototype of a product that may not be polished or complete but that functions well enough that you can begin to market it or test it with potential users,phiên bản ban đầu hoặc nguyên mẫu của một sản phẩm có thể chưa hoàn thiện nhưng vẫn hoạt động đủ tốt để có thể bắt đầu tiếp thị hoặc thử nghiệm với người dùng tiềm năng,Chương 4,approved,Source: glossary.md — Chương 4
open innovation,đổi mới mở,đổi mới mở,searching for and finding solutions outside of the organizational structure,việc tìm kiếm và phát hiện các giải pháp bên ngoài cấu trúc tổ chức,Chương 4,approved,Source: glossary.md — Chương 4
pain point,điểm đau (vấn đề của khách hàng),điểm đau (vấn đề của khách hàng),problem that people have with a product or service that might be addressed by creating a modified version that solves the problem,vấn đề mà khách hàng gặp phải với một sản phẩm hoặc dịch vụ và có thể được giải quyết bằng cách tạo ra một phiên bản cải tiến giải quyết vấn đề đó,Chương 4,approved,Source: glossary.md — Chương 4
pioneering innovation,đổi mới tiên phong,đổi mới tiên phong,"one based on a new technology, a new advancement in the field, and/or an advancement in a related field that leads to the development of a new product","sự đổi mới dựa trên công nghệ mới, một tiến bộ mới trong lĩnh vực hoặc một tiến bộ trong lĩnh vực liên quan dẫn đến việc phát triển một sản phẩm mới",Chương 4,approved,Source: glossary.md — Chương 4
scientific method,phương pháp khoa học,phương pháp khoa học,"most often associated with the natural sciences, outlines the process to discover an answer to a question or a problem","phương pháp thường gắn với khoa học tự nhiên, mô tả quy trình để tìm ra câu trả lời cho một câu hỏi hoặc một vấn đề",Chương 4,approved,Source: glossary.md — Chương 4
user interface,giao diện người dùng,giao diện người dùng,what the user sees and interacts with,những gì người dùng nhìn thấy và tương tác,Chương 4,approved,Source: glossary.md — Chương 4
ideal screening,sàng lọc ý tưởng,sàng lọc ý tưởng,the process of evaluating and selecting ideas based on specific criteria to determine their feasibility and potential for development.,quá trình đánh giá và lựa chọn các ý tưởng dựa trên những tiêu chí cụ thể nhằm xác định tính khả thi và tiềm năng phát triển của chúng.,Chương 4 (bổ sung),approved,Source: glossary.md — Chương 4 (bổ sung)
creative capacity,năng lực sáng tạo,năng lực sáng tạo,"an individual’s or organization’s ability to generate original ideas, think creatively, and develop innovative solutions.","khả năng của cá nhân hoặc tổ chức trong việc tạo ra ý tưởng mới, tư duy sáng tạo và phát triển các giải pháp đổi mới.",Chương 4 (bổ sung),approved,Source: glossary.md — Chương 4 (bổ sung)
innovation pipeline,quy trình phát triển đổi mới,quy trình phát triển đổi mới,"a structured sequence of stages through which ideas move from initial concept to development, testing, and eventual commercialization.",chuỗi các giai đoạn có cấu trúc mà trong đó các ý tưởng được phát triển từ giai đoạn ban đầu đến thử nghiệm và cuối cùng là thương mại hóa.,Chương 4 (bổ sung),approved,Source: glossary.md — Chương 4 (bổ sung)
concept development,phát triển ý tưởng thành khái niệm,phát triển ý tưởng thành khái niệm,the process of refining and elaborating an idea into a clear and structured concept that can be further developed into a product or service.,"quá trình làm rõ và hoàn thiện một ý tưởng thành một khái niệm cụ thể, có cấu trúc, để tiếp tục phát triển thành sản phẩm hoặc dịch vụ.",Chương 4 (bổ sung),approved,Source: glossary.md — Chương 4 (bổ sung)
competitive advantage,lợi thế cạnh tranh,lợi thế cạnh tranh,describes your venture’s unique benefits that poise it for growth,mô tả những lợi ích độc đáo của doanh nghiệp giúp doanh nghiệp có vị thế để tăng trưởng,Chương 5,approved,Source: glossary.md — Chương 5
customers,khách hàng,khách hàng,"people the business will be serving, including potential customers from one or more market segments","những người mà doanh nghiệp sẽ phục vụ, bao gồm cả các khách hàng tiềm năng từ một hoặc nhiều phân khúc thị trường",Chương 5,approved,Source: glossary.md — Chương 5
demand,nhu cầu,nhu cầu,"need or desire for the outputs, the product or services","nhu cầu hoặc mong muốn đối với các đầu ra, tức là sản phẩm hoặc dịch vụ",Chương 5,approved,Source: glossary.md — Chương 5
demographics,nhân khẩu học,nhân khẩu học,"statistical factors of a population or group, such as information about age, gender, income, race, or ethnicity","các yếu tố thống kê của một dân số hoặc nhóm, chẳng hạn như thông tin về độ tuổi, giới tính, thu nhập, chủng tộc hoặc sắc tộc",Chương 5,approved,Source: glossary.md — Chương 5
entrepreneurial opportunity,cơ hội khởi nghiệp,cơ hội khởi nghiệp,"point at which identifiable consumer demand meets the feasibility of satisfying the requested product or service and meets the following conditions: significant market demand, significant market structure and size, significant margins, and resources to support the venture’s success","thời điểm mà nhu cầu của người tiêu dùng có thể xác định được gặp với tính khả thi của việc đáp ứng sản phẩm hoặc dịch vụ được yêu cầu, đồng thời đáp ứng các điều kiện sau: nhu cầu thị trường đáng kể, cấu trúc và quy mô thị trường đáng kể, biên lợi nhuận đáng kể và nguồn lực để hỗ trợ sự thành công của doanh nghiệp",Chương 5,approved,Source: glossary.md — Chương 5
financial viability,tính khả thi tài chính,tính khả thi tài chính,long-term financial sustainability of an organization to fulfill its mission,khả năng duy trì tài chính trong dài hạn của một tổ chức nhằm thực hiện sứ mệnh của mình,Chương 5,approved,Source: glossary.md — Chương 5
gig economy,nền kinh tế gig,nền kinh tế gig,market system in which independent contractors fill a variety of positions,hệ thống thị trường trong đó các nhà thầu độc lập đảm nhận nhiều vị trí khác nhau,Chương 5,approved,Source: glossary.md — Chương 5
infrastructure,cơ sở hạ tầng,cơ sở hạ tầng,"all resources the entrepreneur will need in order to launch and sustain a business venture offering (actual product or service, its value proposition, and how you will reach and communicate with your target customers)","toàn bộ các nguồn lực mà doanh nhân cần để khởi động và duy trì một doanh nghiệp, bao gồm sản phẩm hoặc dịch vụ thực tế, giá trị đề xuất của nó và cách doanh nghiệp tiếp cận và giao tiếp với khách hàng mục tiêu",Chương 5,approved,Source: glossary.md — Chương 5
opportunity screening,sàng lọc cơ hội,sàng lọc cơ hội,"process used to evaluate innovative product ideas, strategies, and marketing trends, focusing on financial resources, skills of the entrepreneurial team, and competition","quá trình được sử dụng để đánh giá các ý tưởng sản phẩm đổi mới, chiến lược và xu hướng marketing, tập trung vào nguồn lực tài chính, kỹ năng của đội ngũ khởi nghiệp và sự cạnh tranh",Chương 5,approved,Source: glossary.md — Chương 5
primary research,nghiên cứu sơ cấp,nghiên cứu sơ cấp,research that involves gathering new data,nghiên cứu bao gồm việc thu thập dữ liệu mới,"Chương 5, Chương 8",approved,"Source: glossary.md — Chương 5, Chương 8"
secondary research,nghiên cứu thứ cấp,nghiên cứu thứ cấp,research that uses existing data,nghiên cứu sử dụng dữ liệu đã có sẵn,Chương 5,approved,Source: glossary.md — Chương 5
shared economy,nền kinh tế chia sẻ,nền kinh tế chia sẻ,"economy in which some assets are not in use, which may present an entrepreneurial opportunity","nền kinh tế trong đó một số tài sản không được sử dụng, điều này có thể tạo ra cơ hội khởi nghiệp",Chương 5,approved,Source: glossary.md — Chương 5
supply,cung,cung,amount of a product or service produced,lượng sản phẩm hoặc dịch vụ được sản xuất,Chương 5,approved,Source: glossary.md — Chương 5
swot analysis,phân tích SWOT,phân tích SWOT,"strategic analytical tool used to help a potential venture or existing company identify its strengths, weaknesses, opportunities, and threats related to business competition","công cụ phân tích chiến lược được sử dụng để giúp một doanh nghiệp tiềm năng hoặc hiện có xác định các điểm mạnh, điểm yếu, cơ hội và thách thức liên quan đến cạnh tranh kinh doanh","Chương 5, Chương 11",approved,"Source: glossary.md — Chương 5, Chương 11"
unique selling proposition,đề xuất bán hàng độc nhất (USP),đề xuất bán hàng độc nhất (USP),marketer’s rationale as to why a product or service is different/better than the competitor’s products,lập luận của nhà tiếp thị về lý do tại sao sản phẩm hoặc dịch vụ khác biệt hoặc tốt hơn so với sản phẩm của đối thủ cạnh tranh,Chương 5,approved,USP chưa có bản dịch đủ tốt. Cần review lại sau.
market validation,kiểm chứng thị trường,kiểm chứng thị trường,the process of testing whether a product or business idea meets real market demand and is accepted by target customers.,quá trình kiểm tra xem một sản phẩm hoặc ý tưởng kinh doanh có đáp ứng nhu cầu thực tế của thị trường và được khách hàng mục tiêu chấp nhận hay không.,Chương 5 (bổ sung),approved,Source: glossary.md — Chương 5 (bổ sung)
demand estimation,ước lượng nhu cầu,ước lượng nhu cầu,the process of forecasting the quantity of a product or service that consumers are willing to purchase over a specific period.,quá trình dự báo lượng sản phẩm hoặc dịch vụ mà người tiêu dùng sẵn sàng mua trong một khoảng thời gian nhất định.,Chương 5 (bổ sung),approved,Source: glossary.md — Chương 5 (bổ sung)
customer insight,hiểu biết sâu về khách hàng,hiểu biết sâu về khách hàng,"a deep understanding of customer behaviors, needs, motivations, and pain points that informs business decisions.","sự hiểu biết sâu sắc về hành vi, nhu cầu, động cơ và vấn đề của khách hàng, làm cơ sở cho các quyết định kinh doanh.",Chương 5 (bổ sung),approved,Source: glossary.md — Chương 5 (bổ sung)
opportunity evaluation,đánh giá cơ hội kinh doanh,đánh giá cơ hội kinh doanh,"the process of assessing the potential of an opportunity based on factors such as market demand, feasibility, competition, and profitability.","quá trình phân tích và đánh giá tiềm năng của một cơ hội dựa trên các yếu tố như nhu cầu thị trường, tính khả thi, mức độ cạnh tranh và khả năng sinh lợi.",Chương 5 (bổ sung),approved,Source: glossary.md — Chương 5 (bổ sung)
adaptive model,mô hình thích ứng,mô hình thích ứng,method of entrepreneurial problem solving that seeks solutions in ways that are tested and known to be effective,phương pháp giải quyết vấn đề trong khởi nghiệp tìm kiếm các giải pháp theo những cách đã được kiểm chứng và được biết là hiệu quả,Chương 6,approved,Source: glossary.md — Chương 6
assessment,giai đoạn đánh giá (assessment),giai đoạn đánh giá (assessment),lean problem-solving process phase in which the entrepreneur experiments and analyzes the potential process and its capabilities,"giai đoạn trong quy trình giải quyết vấn đề tinh gọn, trong đó doanh nhân tiến hành thử nghiệm và phân tích quy trình tiềm năng cùng các khả năng của nó",Chương 6,approved,Source: glossary.md — Chương 6
clarify,làm rõ,làm rõ,"first step of the creative process, which involves recognizing the existence of a gap between the current state and a desired state","bước đầu tiên của quá trình sáng tạo, bao gồm việc nhận ra sự tồn tại của khoảng cách giữa trạng thái hiện tại và trạng thái mong muốn",Chương 6,approved,Source: glossary.md — Chương 6
communication skills,kỹ năng giao tiếp,kỹ năng giao tiếp,skills entrepreneurs use to pool resources for the purposes of investigating solutions leading to innovative problem solving and competitive advantage,"các kỹ năng mà doanh nhân sử dụng để huy động và kết nối nguồn lực nhằm mục đích tìm kiếm giải pháp, từ đó dẫn đến việc giải quyết vấn đề mang tính đổi mới và tạo lợi thế cạnh tranh",Chương 6,approved,Source: glossary.md — Chương 6
critical thinking,tư duy phản biện,tư duy phản biện,complex analysis of a problem or issue with the goal of solving the problem or making a decision,việc phân tích phức tạp một vấn đề hoặc một tình huống với mục tiêu giải quyết vấn đề hoặc đưa ra quyết định,Chương 6,approved,Source: glossary.md — Chương 6
crowdsourcing,huy động trí tuệ đám đông,huy động trí tuệ đám đông,teams of amateurs and non-experts working together to form a solution to a problem,các nhóm gồm những người nghiệp dư và không phải chuyên gia cùng làm việc để tạo ra giải pháp cho một vấn đề,Chương 6,approved,Source: glossary.md — Chương 6
data analysis,phân tích dữ liệu,phân tích dữ liệu,process of analyzing data and modeling the data into a structure that leads to innovative conclusions,quá trình phân tích dữ liệu và mô hình hóa dữ liệu thành một cấu trúc dẫn đến các kết luận mang tính đổi mới,Chương 6,approved,Source: glossary.md — Chương 6
decisiveness,tính quyết đoán,tính quyết đoán,"ability to make a quick, effective decision, not letting too much time go by in the process","khả năng đưa ra quyết định nhanh chóng và hiệu quả, không để quá nhiều thời gian trôi qua trong quá trình ra quyết định",Chương 6,approved,Source: glossary.md — Chương 6
develop,phát triển,phát triển,stage in which the entrepreneur takes the list of ideas generated and tests each solution for feasibility,giai đoạn trong đó doanh nhân lấy danh sách các ý tưởng đã tạo ra và kiểm tra từng giải pháp về tính khả thi,Chương 6,approved,Source: glossary.md — Chương 6
entrepreneurial problem solving,giải quyết vấn đề khởi nghiệp,giải quyết vấn đề khởi nghiệp,"process of using innovation and creative solutions to close the opportunity gap by resolving complex societal, business, or technological problems","quá trình sử dụng đổi mới và các giải pháp sáng tạo để thu hẹp khoảng cách cơ hội bằng cách giải quyết các vấn đề phức tạp về xã hội, kinh doanh hoặc công nghệ",Chương 6,approved,Source: glossary.md — Chương 6
evaluate,đánh giá (evaluate),đánh giá (evaluate),stage in which the final solution is assessed,giai đoạn trong đó giải pháp cuối cùng được đánh giá,Chương 6,approved,Source: glossary.md — Chương 6
evaluation,giai đoạn đánh giá (evaluation),giai đoạn đánh giá (evaluation),lean problem-solving process phase in which behaviors are analyzed to assess success,"giai đoạn trong quy trình giải quyết vấn đề tinh gọn, trong đó các hành vi được phân tích để đánh giá mức độ thành công",Chương 6,approved,Source: glossary.md — Chương 6
external environment,môi trường bên ngoài,môi trường bên ngoài,"outside the enterprise and encompasses customers, industry trends, and competition","môi trường bên ngoài doanh nghiệp, bao gồm khách hàng, xu hướng ngành và đối thủ cạnh tranh",Chương 6,approved,Source: glossary.md — Chương 6
hackathon,hackathon,hackathon,"event, usually hosted by a tech company or organization, which brings together programmers and workers with other degrees of specialization within the company, community, or organization to collaborate on a project over a short period of time","sự kiện, thường do một công ty hoặc tổ chức công nghệ tổ chức, quy tụ các lập trình viên và những người có chuyên môn khác nhau trong công ty, cộng đồng hoặc tổ chức để cùng hợp tác thực hiện một dự án trong một khoảng thời gian ngắn",Chương 6,approved,Source: glossary.md — Chương 6
human-centered design,thiết kế lấy con người làm trung tâm,thiết kế lấy con người làm trung tâm,focuses on people during design and development,phương pháp tập trung vào con người trong quá trình thiết kế và phát triển,Chương 6,approved,Source: glossary.md — Chương 6
ideate,hình thành ý tưởng,hình thành ý tưởng,stage of the creative problem-solving process leading to the detailing and formation of idea generation by the entrepreneur,giai đoạn trong quá trình giải quyết vấn đề sáng tạo dẫn đến việc chi tiết hóa và hình thành các ý tưởng do doanh nhân tạo ra,Chương 6,approved,Source: glossary.md — Chương 6
implement,triển khai,triển khai,means to enact the plan and test for success,việc thực hiện kế hoạch và kiểm tra mức độ thành công,Chương 6,approved,Source: glossary.md — Chương 6
innovative model,mô hình đổi mới,mô hình đổi mới,method of entrepreneurial problem solving that uses techniques unknown to the market and that bring competitive advantage to an organization,phương pháp giải quyết vấn đề trong khởi nghiệp sử dụng các kỹ thuật chưa được biết đến trên thị trường và mang lại lợi thế cạnh tranh cho tổ chức,Chương 6,approved,Source: glossary.md — Chương 6
internal environment,môi trường bên trong,môi trường bên trong,"comprises the factors inside the enterprise, such as employees, and internal practices and processes","bao gồm các yếu tố bên trong doanh nghiệp như nhân viên và các hoạt động, quy trình nội bộ",Chương 6,approved,Source: glossary.md — Chương 6
lean process,quy trình tinh gọn,quy trình tinh gọn,systematic process for the maximizing of continuous improvement and the minimization of surplus or unused material in the production of a process,quy trình có hệ thống nhằm tối đa hóa cải tiến liên tục và giảm thiểu phần dư thừa hoặc vật liệu không được sử dụng trong quá trình sản xuất,Chương 6,approved,Source: glossary.md — Chương 6
need awareness,nhận thức nhu cầu,nhận thức nhu cầu,occurs when the entrepreneur notes a gap between societal or customer needs and actual circumstances,xảy ra khi doanh nhân nhận thấy khoảng cách giữa nhu cầu của xã hội hoặc khách hàng và thực tế hiện tại,Chương 6,approved,Source: glossary.md — Chương 6
observation,quan sát,quan sát,lean problem-solving process phase in which the entrepreneur studies the challenge and notes all facets of the challenge requiring solution,"giai đoạn trong quy trình giải quyết vấn đề tinh gọn, trong đó doanh nhân nghiên cứu thách thức và ghi nhận tất cả các khía cạnh của vấn đề cần được giải quyết",Chương 6,approved,Source: glossary.md — Chương 6
petitioner problem solvers,người tìm kiếm giải pháp từ người khác,người tìm kiếm giải pháp từ người khác,problem solvers who see a problem and ask others for solution ideas,những người giải quyết vấn đề nhận thấy một vấn đề và tìm kiếm ý tưởng giải pháp từ người khác,Chương 6,approved,Source: glossary.md — Chương 6
resourcefulness,tính tháo vát,tính tháo vát,ability to discover clever solutions to obstacles,khả năng tìm ra các giải pháp sáng tạo và hiệu quả cho các trở ngại,Chương 6,approved,Source: glossary.md — Chương 6
self-regulating problem solvers,người giải quyết vấn đề tự chủ,người giải quyết vấn đề tự chủ,"problem solvers who are autonomous and work on their own, without external influence; they have the ability to see a problem, immediately visualize a possible solution to the problem, and seek to devise a solution","những người giải quyết vấn đề có tính tự chủ và làm việc độc lập, không bị ảnh hưởng từ bên ngoài; họ có khả năng nhận ra vấn đề, hình dung ngay một giải pháp khả thi và tìm cách xây dựng giải pháp đó",Chương 6,approved,Source: glossary.md — Chương 6
storyboarding,xây dựng bảng phân cảnh,xây dựng bảng phân cảnh,process of presenting an idea in a step-by-step graphic format,quá trình trình bày một ý tưởng dưới dạng hình ảnh theo từng bước,Chương 6,approved,Source: glossary.md — Chương 6
team creativity,sáng tạo nhóm,sáng tạo nhóm,process of a team creating an unexpected solution for an issue or challenge,quá trình một nhóm tạo ra một giải pháp bất ngờ cho một vấn đề hoặc thách thức,Chương 6,approved,Source: glossary.md — Chương 6
theorist problem solvers,người giải quyết vấn đề theo lý thuyết,người giải quyết vấn đề theo lý thuyết,problem solvers who see a problem and begin to consider a path toward solving the problem using a theory,những người giải quyết vấn đề nhận thấy một vấn đề và bắt đầu xem xét một hướng giải quyết dựa trên lý thuyết,Chương 6,approved,Source: glossary.md — Chương 6
whiteboarding,phác thảo trên bảng trắng,phác thảo trên bảng trắng,type of graphing that permits the entrepreneur to plot each step in a process to build comprehension and detailing of the process,một dạng sơ đồ hóa cho phép doanh nhân vạch ra từng bước trong một quy trình nhằm nâng cao sự hiểu biết và chi tiết hóa quy trình,Chương 6,approved,Source: glossary.md — Chương 6
problem framing,định nghĩa vấn đề,định nghĩa vấn đề,The process of defining and structuring a problem in a way that guides analysis and solution development.,Quá trình xác định và cấu trúc hóa vấn đề theo một cách tiếp cận giúp định hướng việc phân tích và phát triển giải pháp.,Chương 6 (bổ sung),approved,Source: glossary.md — Chương 6 (bổ sung)
solution design,thiết kế giải pháp,thiết kế giải pháp,The process of creating and developing solutions to address a defined problem.,Quá trình xây dựng và phát triển các giải pháp nhằm giải quyết một vấn đề đã được xác định.,Chương 6 (bổ sung),approved,Source: glossary.md — Chương 6 (bổ sung)
hypothesis testing,kiểm định giả thuyết,kiểm định giả thuyết,The process of testing assumptions or predictions through experiments or data analysis.,Quá trình kiểm tra các giả định hoặc dự đoán thông qua thử nghiệm hoặc phân tích dữ liệu.,Chương 6 (bổ sung),approved,Source: glossary.md — Chương 6 (bổ sung)
analytical thinking,tư duy phân tích,tư duy phân tích,"The ability to break down complex information into smaller parts to understand, evaluate, and solve problems.","Khả năng phân tách thông tin phức tạp thành các phần nhỏ hơn để hiểu, đánh giá và giải quyết vấn đề.",Chương 6 (bổ sung),approved,Source: glossary.md — Chương 6 (bổ sung)
ask,khoản yêu cầu (ask),khoản yêu cầu (ask),specific amount of money or type of assistance requested in a pitch,số tiền cụ thể hoặc loại hỗ trợ cụ thể được yêu cầu trong một bài pitch,Chương 7,approved,Source: glossary.md — Chương 7
corporate narrative,câu chuyện doanh nghiệp,câu chuyện doanh nghiệp,"story about how a successful company grew from something small into something broad and powerful, serving thousands or even millions of people; it may have marketing purposes, and it may serve as an inspirational story for leaders and employees","câu chuyện về cách một công ty thành công phát triển từ quy mô nhỏ trở thành một tổ chức lớn và có ảnh hưởng, phục vụ hàng nghìn hoặc thậm chí hàng triệu người; câu chuyện này có thể phục vụ mục đích marketing và cũng có thể đóng vai trò như một câu chuyện truyền cảm hứng cho lãnh đạo và nhân viên",Chương 7,approved,Source: glossary.md — Chương 7
elevator pitch,bài pitch ngắn (elevator pitch),bài pitch ngắn (elevator pitch),"abbreviated pitch, a memorized talk that can get you into the door to put your full pitch deck on display","một bài pitch rút gọn, được ghi nhớ trước, có thể giúp bạn mở ra cơ hội trình bày đầy đủ bộ slide pitch deck của mình",Chương 7,approved,Source: glossary.md — Chương 7
entrepreneurial contest,cuộc thi khởi nghiệp,cuộc thi khởi nghiệp,"any entrepreneurial competition other than a pitch competition; contests may entail submitting business models, long-form prospectuses, or forms tailored to contest specifications","bất kỳ cuộc thi khởi nghiệp nào ngoài cuộc thi pitch; các cuộc thi này có thể yêu cầu nộp mô hình kinh doanh, bản kế hoạch chi tiết hoặc các biểu mẫu theo yêu cầu cụ thể của cuộc thi",Chương 7,approved,Source: glossary.md — Chương 7
fear of missing out (fomo),hội chứng sợ bị bỏ lỡ (FOMO),hội chứng sợ bị bỏ lỡ (FOMO),"need to keep up with peers and the personas they represent in social settings, particularly on social media","nhu cầu phải theo kịp bạn bè và hình ảnh mà họ thể hiện trong các bối cảnh xã hội, đặc biệt là trên mạng xã hội",Chương 7,approved,Source: glossary.md — Chương 7
iceberg principle,nguyên tắc tảng băng trôi,nguyên tắc tảng băng trôi,"writing principle useful for preparing contest documents and pitch decks; following this principle, each word or sentence in the submission or presentation should be backed up with a wealth of supporting information and details that go unspoken in the pitch or proposal, but which you have at the ready should an investor take interest in the details and your knowledge of them","nguyên tắc viết hữu ích trong việc chuẩn bị tài liệu dự thi và pitch deck; theo nguyên tắc này, mỗi từ hoặc câu trong bài trình bày hoặc tài liệu phải được hỗ trợ bởi một lượng lớn thông tin và chi tiết nền tảng không được nói ra trong bài pitch hoặc đề xuất, nhưng bạn phải sẵn sàng cung cấp khi nhà đầu tư quan tâm đến chi tiết và kiến thức của bạn",Chương 7,approved,Source: glossary.md — Chương 7
noncompete agreement,thỏa thuận không cạnh tranh,thỏa thuận không cạnh tranh,formal agreement that the person signing the document will not work for another organization that is a direct competitor of their current employer during employment and usually for a specified length of time after employment ends,thỏa thuận chính thức rằng người ký văn bản sẽ không làm việc cho bất kỳ tổ chức nào là đối thủ cạnh tranh trực tiếp của người sử dụng lao động hiện tại trong thời gian làm việc và thường trong một khoảng thời gian xác định sau khi chấm dứt quan hệ lao động,"Chương 7, Chương 15",approved,"Source: glossary.md — Chương 7, Chương 15"
nondisclosure agreement (nda),thỏa thuận bảo mật (NDA),thỏa thuận bảo mật (NDA),contract that carries harsh financial penalties should one party to the agreement disclose what they know of the proprietary information,hợp đồng quy định các hình phạt tài chính nghiêm khắc nếu một bên trong thỏa thuận tiết lộ thông tin độc quyền mà họ biết,Chương 7,approved,Source: glossary.md — Chương 7
pitch,bài thuyết trình gọi vốn (pitch),bài thuyết trình gọi vốn (pitch),formal presentation in which you ask for something and that is delivered (usually) to potential investors in a startup,bài trình bày chính thức trong đó bạn đưa ra một yêu cầu và thường được trình bày trước các nhà đầu tư tiềm năng của một startup,Chương 7,approved,Source: glossary.md — Chương 7
pitch competition,cuộc thi pitch,cuộc thi pitch,"competition that may have cash prizes or mentorship opportunities for winners; you are expected to present your business idea in the form of a presentation, usually with a pitch deck","cuộc thi có thể có giải thưởng tiền mặt hoặc cơ hội cố vấn cho người chiến thắng; người tham gia được kỳ vọng trình bày ý tưởng kinh doanh dưới dạng bài thuyết trình, thường kèm theo pitch deck",Chương 7,approved,Source: glossary.md — Chương 7
pitch deck,bộ slide pitch,bộ slide pitch,slide presentation that you create that gives a quick overview of your product and what you’re asking for,bộ slide trình bày do bạn tạo ra nhằm cung cấp cái nhìn tổng quan nhanh về sản phẩm của bạn và những gì bạn đang kêu gọi,Chương 7,approved,Source: glossary.md — Chương 7
problem-solution narrative,câu chuyện vấn đề – giải pháp,câu chuyện vấn đề – giải pháp,"brief story of a sentence or two that states a problem affecting many people and offering a solution that is innovative, unique, insightful, or all of these","câu chuyện ngắn (một hoặc hai câu) nêu ra một vấn đề ảnh hưởng đến nhiều người và đưa ra một giải pháp mang tính đổi mới, độc đáo, sâu sắc hoặc kết hợp các yếu tố này",Chương 7,approved,Source: glossary.md — Chương 7
user interface (ui),giao diện người dùng (UI),giao diện người dùng (UI),"what a customer sees when they use your product; having a variant of a UI is not necessarily grounds for establishing a patent, but having unique design in the broad sense may help you to secure patent protection","những gì khách hàng nhìn thấy khi họ sử dụng sản phẩm của bạn; việc có một biến thể của giao diện người dùng không nhất thiết là cơ sở để đăng ký bằng sáng chế, nhưng việc có thiết kế độc đáo theo nghĩa rộng có thể giúp bạn đạt được sự bảo hộ sáng chế",Chương 7,approved,Source: glossary.md — Chương 7
work-for-hire agreement,thỏa thuận làm thuê (work-for-hire),thỏa thuận làm thuê (work-for-hire),"agreement between an individual employee and a company states that ownership of innovations belongs to the company, even if an individual makes substantial contributions to the product","thỏa thuận giữa một cá nhân (nhân viên) và một công ty quy định rằng quyền sở hữu đối với các sáng tạo thuộc về công ty, ngay cả khi cá nhân đó có đóng góp đáng kể vào sản phẩm",Chương 7,approved,Source: glossary.md — Chương 7
investor narrative,câu chuyện dành cho nhà đầu tư,câu chuyện dành cho nhà đầu tư,"a structured story that explains a business opportunity, focusing on value, growth potential, and returns for investors.","câu chuyện trình bày cơ hội kinh doanh, tập trung vào giá trị, tiềm năng tăng trưởng và lợi nhuận dành cho nhà đầu tư.",Chương 7 (bổ sung),approved,Source: glossary.md — Chương 7 (bổ sung)
value communication,truyền đạt giá trị sản phẩm,truyền đạt giá trị sản phẩm,the process of clearly conveying the benefits and value of a product or service to customers or stakeholders.,quá trình truyền tải rõ ràng các lợi ích và giá trị của sản phẩm hoặc dịch vụ đến khách hàng hoặc các bên liên quan.,Chương 7 (bổ sung),approved,Source: glossary.md — Chương 7 (bổ sung)
audience targeting,xác định đối tượng người nghe,xác định đối tượng người nghe,the process of identifying and focusing on a specific audience group for communication or marketing efforts.,quá trình xác định và tập trung vào một nhóm đối tượng cụ thể trong hoạt động truyền thông hoặc marketing.,Chương 7 (bổ sung),approved,Source: glossary.md — Chương 7 (bổ sung)
persuasive communication,giao tiếp thuyết phục,giao tiếp thuyết phục,"communication aimed at influencing the attitudes, beliefs, or actions of others.","hình thức giao tiếp nhằm tác động đến suy nghĩ, niềm tin hoặc hành vi của người khác.",Chương 7 (bổ sung),approved,Source: glossary.md — Chương 7 (bổ sung)
advertising,quảng cáo,quảng cáo,"mass communication that allows companies to reach a broad audience through TV, radio, newspaper, Internet, magazines, and outdoor ads","hình thức truyền thông đại chúng cho phép các công ty tiếp cận một lượng lớn đối tượng khán giả thông qua truyền hình, radio, báo chí, Internet, tạp chí và quảng cáo ngoài trời",Chương 8,approved,Source: glossary.md — Chương 8
brand,thương hiệu,thương hiệu,image a company promotes and the connotations it fosters of itself and its products,hình ảnh mà công ty quảng bá và những liên tưởng mà công ty tạo ra về bản thân và các sản phẩm của mình,Chương 8,approved,Source: glossary.md — Chương 8
brand advocate,người ủng hộ thương hiệu,người ủng hộ thương hiệu,someone who is a fan of your products and passes on the word to others,người yêu thích sản phẩm của bạn và truyền đạt thông tin đó đến những người khác,Chương 8,approved,Source: glossary.md — Chương 8
brand strategy,chiến lược thương hiệu,chiến lược thương hiệu,image a company conveys to its customers,hình ảnh mà công ty truyền tải tới khách hàng,Chương 8,approved,Source: glossary.md — Chương 8
bundling,bán gộp sản phẩm,bán gộp sản phẩm,bundle of products that is discounted to encourage customers to buy in bulk,việc gộp nhiều sản phẩm thành một gói được giảm giá nhằm khuyến khích khách hàng mua với số lượng lớn,Chương 8,approved,Source: glossary.md — Chương 8
causal research,nghiên cứu nhân quả,nghiên cứu nhân quả,identification of cause-and-effect relationships between two or more variables,việc xác định các mối quan hệ nhân quả giữa hai hoặc nhiều biến số,Chương 8,approved,Source: glossary.md — Chương 8
close,chốt bán hàng,chốt bán hàng,step in the sales process in which the salesperson asks for and gets the sale,bước trong quy trình bán hàng trong đó nhân viên bán hàng đề nghị và đạt được việc bán hàng,Chương 8,approved,Source: glossary.md — Chương 8
conjoint analysis,phân tích kết hợp,phân tích kết hợp,"survey tool in which respondents must rank, choose, or rate a number of “conjoint,” or linked, features or benefits","công cụ khảo sát trong đó người trả lời phải xếp hạng, lựa chọn hoặc đánh giá một số đặc điểm hoặc lợi ích “kết hợp” (liên kết)",Chương 8,approved,Source: glossary.md — Chương 8
cost-led pricing,định giá dựa trên chi phí,định giá dựa trên chi phí,easiest way to price a product by taking the cost of making the product and marking it up to create profit,cách định giá sản phẩm đơn giản nhất bằng cách lấy chi phí sản xuất sản phẩm và cộng thêm một mức để tạo ra lợi nhuận,Chương 8,approved,Source: glossary.md — Chương 8
customer-led pricing,định giá theo khách hàng,định giá theo khách hàng,pricing led by what the customer is willing to pay,việc định giá dựa trên mức giá mà khách hàng sẵn sàng chi trả,Chương 8,approved,Source: glossary.md — Chương 8
digital marketing,tiếp thị kỹ thuật số,tiếp thị kỹ thuật số,online marketing,hoạt động tiếp thị được thực hiện trên môi trường trực tuyến,Chương 8,approved,Source: glossary.md — Chương 8
direct mail,thư trực tiếp,thư trực tiếp,connecting to consumers via email or through printed mailed pieces,việc kết nối với người tiêu dùng thông qua email hoặc các tài liệu in gửi qua đường bưu điện,Chương 8,approved,Source: glossary.md — Chương 8
entrepreneurial marketing,tiếp thị khởi nghiệp,tiếp thị khởi nghiệp,set of unconventional practices that can help start-ups and younger firms survive in competitive markets,tập hợp các phương thức tiếp thị không truyền thống có thể giúp các doanh nghiệp khởi nghiệp và doanh nghiệp trẻ tồn tại trong các thị trường cạnh tranh,Chương 8,approved,Source: glossary.md — Chương 8
ethnographic research,nghiên cứu dân tộc học,nghiên cứu dân tộc học,use of personal observation of the subject by being immersed in the subject’s environment,việc sử dụng quan sát trực tiếp cá nhân bằng cách hòa mình vào môi trường của đối tượng nghiên cứu,Chương 8,approved,Source: glossary.md — Chương 8
executive summary,tóm tắt điều hành,tóm tắt điều hành,initial section of a business plan document that summarizes the key elements of the entire plan,"phần đầu của tài liệu kế hoạch kinh doanh, tóm tắt các yếu tố chính của toàn bộ kế hoạch",Chương 8,approved,Source: glossary.md — Chương 8
expeditionary marketing,tiếp thị thăm dò,tiếp thị thăm dò,marketing designed to move established companies and their products into new markets and territories,hoạt động tiếp thị được thiết kế nhằm đưa các công ty đã ổn định và sản phẩm của họ vào các thị trường và khu vực mới,Chương 8,approved,Source: glossary.md — Chương 8
focus group,nhóm thảo luận,nhóm thảo luận,"gathering of people, typically six to twelve participants, who come together to discuss a topic presented by a moderator, who usually poses questions and collects qualitative data that can be used to answer questions or define research further","việc tập hợp một nhóm người, thường từ sáu đến mười hai người, cùng thảo luận một chủ đề do người điều phối đưa ra, người này đặt câu hỏi và thu thập dữ liệu định tính để trả lời câu hỏi hoặc định hướng nghiên cứu sâu hơn",Chương 8,approved,Source: glossary.md — Chương 8
guerrilla marketing,tiếp thị du kích,tiếp thị du kích,creative approaches to marketing that seek to gain maximum exposure through unconventional means,các cách tiếp cận sáng tạo trong marketing nhằm đạt được mức độ tiếp cận tối đa thông qua các phương thức không truyền thống,Chương 8,approved,Source: glossary.md — Chương 8
introductory offers,ưu đãi giới thiệu,ưu đãi giới thiệu,using lower initial prices to attract new customers and build a customer base before prices return to their standard amount,việc sử dụng mức giá ban đầu thấp để thu hút khách hàng mới và xây dựng tệp khách hàng trước khi giá quay trở lại mức tiêu chuẩn,Chương 8,approved,Source: glossary.md — Chương 8
jingle,đoạn nhạc quảng cáo,đoạn nhạc quảng cáo,short song or sound that brands a product or company and helps to promote it,đoạn nhạc hoặc âm thanh ngắn giúp nhận diện thương hiệu cho sản phẩm hoặc công ty và hỗ trợ việc quảng bá,Chương 8,approved,Source: glossary.md — Chương 8
loss leader pricing,định giá mồi,định giá mồi,"using a below-standard price to attract customers in the hope that they will purchase other, more profitable goods and services","việc sử dụng mức giá thấp hơn tiêu chuẩn để thu hút khách hàng, với kỳ vọng rằng họ sẽ mua các hàng hóa và dịch vụ khác có lợi nhuận cao hơn",Chương 8,approved,Source: glossary.md — Chương 8
market analysis,phân tích thị trường,phân tích thị trường,analysis of the overall interest in the product or service within the industry by its target market,việc phân tích mức độ quan tâm tổng thể đối với sản phẩm hoặc dịch vụ trong ngành bởi thị trường mục tiêu,"Chương 8, Chương 11",approved,"Source: glossary.md — Chương 8, Chương 11"
market opportunity,cơ hội thị trường,cơ hội thị trường,unmet need within a target demographic,nhu cầu chưa được đáp ứng trong một nhóm khách hàng mục tiêu,Chương 8,approved,Source: glossary.md — Chương 8
market research,nghiên cứu thị trường,nghiên cứu thị trường,collection and analysis of data related to a business’s target market,việc thu thập và phân tích dữ liệu liên quan đến thị trường mục tiêu của doanh nghiệp,Chương 8,approved,Source: glossary.md — Chương 8
marketing,tiếp thị,tiếp thị,umbrella term given to those activities that companies use to identify consumers and convert them into buyers,thuật ngữ bao trùm cho các hoạt động mà công ty sử dụng để xác định người tiêu dùng và chuyển họ thành người mua,Chương 8,approved,Source: glossary.md — Chương 8
marketing mix,marketing mix (4P),marketing mix (4P),basic set of possible strategies and approaches that marketers use to reach their target market,tập hợp cơ bản các chiến lược và cách tiếp cận mà các nhà tiếp thị sử dụng để tiếp cận thị trường mục tiêu,Chương 8,approved,Source: glossary.md — Chương 8
marketing plan,kế hoạch marketing,kế hoạch marketing,formal business document that used as blueprint for how a company will achieve its marketing and business goals,tài liệu kinh doanh chính thức được sử dụng như một bản thiết kế cho cách một công ty sẽ đạt được các mục tiêu marketing và kinh doanh của mình,Chương 8,approved,Source: glossary.md — Chương 8
marketing strategy,chiến lược marketing,chiến lược marketing,company’s game plan for how it will reach consumers and convert them into paying customers,kế hoạch tổng thể của công ty về cách tiếp cận người tiêu dùng và chuyển họ thành khách hàng trả tiền,Chương 8,approved,Source: glossary.md — Chương 8
odd numbers strategy,chiến lược giá số lẻ,chiến lược giá số lẻ,psychological pricing strategy that uses odd numbers in the prices to make a product’s price point more attractive to consumers,chiến lược định giá tâm lý sử dụng các con số lẻ trong giá nhằm làm cho mức giá của sản phẩm trở nên hấp dẫn hơn đối với người tiêu dùng,Chương 8,approved,Source: glossary.md — Chương 8
penetration pricing,định giá thâm nhập,định giá thâm nhập,pricing below that of a competitor’s price,việc định giá thấp hơn mức giá của đối thủ cạnh tranh,Chương 8,approved,Source: glossary.md — Chương 8
people,con người (nguồn nhân lực),con người (nguồn nhân lực),company’s human resources,nguồn nhân lực của công ty,Chương 8,approved,Source: glossary.md — Chương 8
personal selling,bán hàng cá nhân,bán hàng cá nhân,using face-to-face interactions to communicate and influence a customer to make a purchase,việc sử dụng các tương tác trực tiếp để giao tiếp và tác động đến khách hàng nhằm thúc đẩy họ thực hiện việc mua hàng,Chương 8,approved,Source: glossary.md — Chương 8
physical environment,môi trường vật lý,môi trường vật lý,where a service takes place or a product is manufactured,nơi mà dịch vụ được cung cấp hoặc sản phẩm được sản xuất,Chương 8,approved,Source: glossary.md — Chương 8
place,phân phối (place),phân phối (place),channels or locations—physical or digital—where products can be found by customers,các kênh hoặc địa điểm (vật lý hoặc kỹ thuật số) nơi khách hàng có thể tìm thấy sản phẩm,Chương 8,approved,Source: glossary.md — Chương 8
positioning (or value proposition),định vị (hoặc giá trị đề xuất),định vị (hoặc giá trị đề xuất),"statement of how you want the customer to perceive your company, good, or service","tuyên bố về cách bạn mong muốn khách hàng nhận thức về công ty, sản phẩm hoặc dịch vụ của bạn",Chương 8,approved,Source: glossary.md — Chương 8
premium pricing,định giá cao cấp,định giá cao cấp,charging a price above a competitor’s price,việc đặt mức giá cao hơn so với giá của đối thủ cạnh tranh,Chương 8,approved,Source: glossary.md — Chương 8
price,giá,giá,value that must be exchanged in order for a customer to receive a product or service,giá trị mà khách hàng phải trao đổi để nhận được sản phẩm hoặc dịch vụ,Chương 8,approved,Source: glossary.md — Chương 8
process,quy trình,quy trình,chain of procedures and/or activities required to provide the product to the customer,chuỗi các quy trình và/hoặc hoạt động cần thiết để cung cấp sản phẩm cho khách hàng,Chương 8,approved,Source: glossary.md — Chương 8
product,sản phẩm,sản phẩm,good or a service that creates value by fulfilling a customer need or desire,hàng hóa hoặc dịch vụ tạo ra giá trị bằng cách đáp ứng nhu cầu hoặc mong muốn của khách hàng,Chương 8,approved,Source: glossary.md — Chương 8
profit margin,biên lợi nhuận,biên lợi nhuận,biên lợi nhuận,"mức chênh lệch mà doanh thu vượt quá chi phí, thường được biểu diễn dưới dạng phần trăm","Chương 8, Chương 9, Chương 9 (bổ sung)",approved,"Source: glossary.md — Chương 8, Chương 9"
promotion,xúc tiến,xúc tiến,process of communicating value to customers in a way that encourages them to buy,quá trình truyền đạt giá trị đến khách hàng theo cách khuyến khích họ mua,Chương 8,approved,Source: glossary.md — Chương 8
public relations,quan hệ công chúng,quan hệ công chúng,marketing that focuses on connecting with constituents by developing goodwill,hoạt động marketing tập trung vào việc kết nối với các bên liên quan bằng cách xây dựng thiện chí,Chương 8,approved,Source: glossary.md — Chương 8
qualitative research,nghiên cứu định tính,nghiên cứu định tính,"use of open-ended techniques such as observation, focus groups, and interviews to gain an understanding of customers’ basic reasons, opinions, and motivations","việc sử dụng các phương pháp mở như quan sát, nhóm thảo luận và phỏng vấn nhằm hiểu các lý do, quan điểm và động cơ cơ bản của khách hàng",Chương 8,approved,Source: glossary.md — Chương 8
quantitative research,nghiên cứu định lượng,nghiên cứu định lượng,generation of numerical data through techniques such as surveys and questionnaires,việc tạo ra dữ liệu dạng số thông qua các phương pháp như khảo sát và bảng câu hỏi,Chương 8,approved,Source: glossary.md — Chương 8
real-time marketing,tiếp thị thời gian thực,tiếp thị thời gian thực,seeks to turn immediately available sales data into actionable and timely strategies that target the shifting landscape of consumer tastes and trends,nhằm chuyển đổi dữ liệu bán hàng có sẵn ngay lập tức thành các chiến lược kịp thời và có thể triển khai nhằm đáp ứng sự thay đổi trong thị hiếu và xu hướng của người tiêu dùng,Chương 8,approved,Source: glossary.md — Chương 8
relationship marketing,tiếp thị quan hệ,tiếp thị quan hệ,creates customer loyalty through personal interaction and strives for long-term engagement,tạo dựng lòng trung thành của khách hàng thông qua tương tác cá nhân và hướng tới sự gắn kết lâu dài,Chương 8,approved,Source: glossary.md — Chương 8
sales promotion,xúc tiến bán hàng,xúc tiến bán hàng,incentives such as coupons and discounts that help attract customers and help them take action,các hình thức khuyến khích như phiếu giảm giá và chiết khấu giúp thu hút khách hàng và thúc đẩy họ hành động,Chương 8,approved,Source: glossary.md — Chương 8
sales strategy,chiến lược bán hàng,chiến lược bán hàng,"plan that the entrepreneur uses to identify and engage a consumer, from prospecting to securing the sale and beyond","kế hoạch mà doanh nhân sử dụng để xác định và tiếp cận khách hàng, từ việc tìm kiếm khách hàng tiềm năng đến chốt đơn và các hoạt động sau đó",Chương 8,approved,Source: glossary.md — Chương 8
sample,mẫu khảo sát,mẫu khảo sát,group of people participating in market research,nhóm người tham gia vào nghiên cứu thị trường,Chương 8,approved,Source: glossary.md — Chương 8
segmenting,phân khúc thị trường,phân khúc thị trường,"separating the total population by homogeneous groups of people that have similar tastes, backgrounds, lifestyles, demographics, and culture","việc chia tổng thể dân số thành các nhóm đồng nhất có sở thích, nền tảng, lối sống, đặc điểm nhân khẩu học và văn hóa tương tự",Chương 8,approved,Source: glossary.md — Chương 8
serviceable available market (sam),thị trường khả dụng có thể phục vụ (SAM),thị trường khả dụng có thể phục vụ (SAM),"portion of the market that a business can serve based on its products, services, and location","phần thị trường mà doanh nghiệp có thể phục vụ dựa trên sản phẩm, dịch vụ và vị trí của mình","Chương 8, Chương 11",approved,"Source: glossary.md — Chương 8, Chương 11"
situation analysis,phân tích tình huống,phân tích tình huống,examination of the internal and external circumstances relevant to a particular business,việc xem xét các yếu tố nội bộ và bên ngoài liên quan đến một doanh nghiệp cụ thể,Chương 8,approved,Source: glossary.md — Chương 8
skimming,định giá hớt váng,định giá hớt váng,high-pricing strategy that leverages the newness of a product in order to “skim” the most profits off the top at the beginning of a sale,chiến lược định giá cao tận dụng tính mới của sản phẩm nhằm thu được lợi nhuận tối đa ngay từ giai đoạn đầu của việc bán,Chương 8,approved,Source: glossary.md — Chương 8
social media,mạng xã hội,mạng xã hội,"online communication tool for entrepreneurs to connect with consumers, especially younger demographics","công cụ giao tiếp trực tuyến giúp doanh nhân kết nối với người tiêu dùng, đặc biệt là các nhóm khách hàng trẻ",Chương 8,approved,Source: glossary.md — Chương 8
tagline,khẩu hiệu thương hiệu,khẩu hiệu thương hiệu,short and catchy positioning statement that quickly communicate some core aspect of the brand to the consumer,"câu khẩu hiệu ngắn gọn, dễ nhớ giúp nhanh chóng truyền tải một khía cạnh cốt lõi của thương hiệu tới người tiêu dùng",Chương 8,approved,Source: glossary.md — Chương 8
targeting,lựa chọn thị trường mục tiêu,lựa chọn thị trường mục tiêu,selecting a customer group based on their ability and willingness to buy,việc lựa chọn một nhóm khách hàng dựa trên khả năng và mức độ sẵn sàng mua của họ,Chương 8,approved,Source: glossary.md — Chương 8
total available market (tam),tổng thị trường khả dụng (TAM),tổng thị trường khả dụng (TAM),total perceived demand for a product or service within the marketplace,tổng nhu cầu được nhận thức đối với một sản phẩm hoặc dịch vụ trong thị trường,"Chương 8, Chương 11",approved,"Source: glossary.md — Chương 8, Chương 11"
validation,xác thực,xác thực,act of verifying that a product can be successful with a target audience,hành động xác minh rằng một sản phẩm có thể thành công với một nhóm khách hàng mục tiêu,Chương 8,approved,Source: glossary.md — Chương 8
viral marketing,tiếp thị lan truyền,tiếp thị lan truyền,marketing that uses engaging content in the hopes that viewers will share it on their personal and social media networks,hình thức marketing sử dụng nội dung hấp dẫn với kỳ vọng người xem sẽ chia sẻ nó trên các mạng cá nhân và mạng xã hội,Chương 8,approved,Source: glossary.md — Chương 8
word-of-mouth (wom) marketing,tiếp thị truyền miệng (WOM),tiếp thị truyền miệng (WOM),promotion in which a satisfied customer tells others about their positive experience with a good or service,hình thức quảng bá trong đó một khách hàng hài lòng chia sẻ với người khác về trải nghiệm tích cực của họ đối với một sản phẩm hoặc dịch vụ,Chương 8,approved,Source: glossary.md — Chương 8
customer acquisition,thu hút khách hàng,thu hút khách hàng,process of attracting and converting prospects into paying customers,quá trình thu hút và chuyển đổi khách hàng tiềm năng thành khách hàng trả tiền,Chương 8 (bổ sung),approved,Source: glossary.md — Chương 8 (bổ sung)
customer retention,giữ chân khách hàng,giữ chân khách hàng,ability of a business to retain customers over time and encourage repeat purchases,khả năng của doanh nghiệp trong việc duy trì khách hàng hiện tại và khuyến khích họ tiếp tục mua hàng,Chương 8 (bổ sung),approved,Source: glossary.md — Chương 8 (bổ sung)
market segmentation strategy,chiến lược phân khúc thị trường,chiến lược phân khúc thị trường,"strategic approach to dividing a market into distinct groups of customers with similar needs, characteristics, or behaviors","chiến lược phân chia thị trường thành các nhóm khách hàng riêng biệt có nhu cầu, đặc điểm hoặc hành vi tương đồng",Chương 8 (bổ sung),approved,Source: glossary.md — Chương 8 (bổ sung)
sales funnel,phễu bán hàng,phễu bán hàng,model that represents the stages a customer goes through from awareness to purchase (and sometimes beyond),"mô hình thể hiện các giai đoạn khách hàng trải qua từ nhận biết, cân nhắc đến mua hàng (và có thể cả sau mua)",Chương 8 (bổ sung),approved,Source: glossary.md — Chương 8 (bổ sung)
accounting,kế toán,kế toán,system of recording and classifying a company’s financial transactions and summarizing and communicating those transactions in the form of financial statements,"hệ thống ghi chép và phân loại các giao dịch tài chính của một công ty, đồng thời tóm tắt và truyền đạt các giao dịch đó dưới dạng các báo cáo tài chính",Chương 9,approved,Source: glossary.md — Chương 9
accounting equation,phương trình kế toán,phương trình kế toán,assets = liabilities \+ equity,tài sản = nợ phải trả \+ vốn chủ sở hữu,Chương 9,approved,Source: glossary.md — Chương 9
accounts payable,các khoản phải trả,các khoản phải trả,account that includes vendors that the company owes money to,tài khoản bao gồm các nhà cung cấp mà công ty đang nợ tiền,Chương 9,approved,Source: glossary.md — Chương 9
accounts receivable,các khoản phải thu,các khoản phải thu,account that includes customers that owe the business money,tài khoản bao gồm các khách hàng đang nợ tiền doanh nghiệp,Chương 9,approved,Source: glossary.md — Chương 9
angel investor,nhà đầu tư thiên thần,nhà đầu tư thiên thần,"wealthy, private individual seeking investment options with a greater potential return than is generally available with traditional publicly traded stocks","cá nhân giàu có, đầu tư tư nhân, tìm kiếm các cơ hội đầu tư có khả năng sinh lợi cao hơn so với các cổ phiếu giao dịch công khai truyền thống",Chương 9,approved,Source: glossary.md — Chương 9
assets,tài sản,tài sản,items a business owns and derives future use from,những tài sản mà doanh nghiệp sở hữu và mang lại lợi ích trong tương lai,Chương 9,approved,Source: glossary.md — Chương 9
balance sheet,bảng cân đối kế toán,bảng cân đối kế toán,financial statement that summarizes a company’s financial condition according to the accounting equation,báo cáo tài chính tóm tắt tình hình tài chính của công ty theo phương trình kế toán,Chương 9,approved,Source: glossary.md — Chương 9
bartering,trao đổi hàng hóa (barter),trao đổi hàng hóa (barter),exchanging goods or services for other goods or services instead of for cash,việc trao đổi hàng hóa hoặc dịch vụ lấy hàng hóa hoặc dịch vụ khác thay vì tiền mặt,Chương 9,approved,Source: glossary.md — Chương 9
burn rate,tốc độ đốt tiền,tốc độ đốt tiền,rate at which cash outflow exceeds cash inflow,tốc độ mà dòng tiền chi ra vượt quá dòng tiền thu vào,"Chương 9, Chương 15",approved,"Source: glossary.md — Chương 9, Chương 15"
charitable organization,tổ chức từ thiện,tổ chức từ thiện,nonprofit company founded for altruistic purposes,tổ chức phi lợi nhuận được thành lập vì các mục đích vị tha,Chương 9,approved,Source: glossary.md — Chương 9
collateral,tài sản thế chấp,tài sản thế chấp,something of value pledged to secure a loan,tài sản có giá trị được dùng để đảm bảo cho một khoản vay,Chương 9,approved,Source: glossary.md — Chương 9
contribution margin,lợi nhuận đóng góp,lợi nhuận đóng góp,gross profit from a single item sold,lợi nhuận gộp từ một đơn vị sản phẩm được bán,Chương 9,approved,Source: glossary.md — Chương 9
cost of goods sold,giá vốn hàng bán,giá vốn hàng bán,cost required to produce the product or service,chi phí cần thiết để sản xuất sản phẩm hoặc dịch vụ,Chương 9,approved,Source: glossary.md — Chương 9
credit,tín dụng,tín dụng,lending of funds in exchange for a promise to repay,việc cho vay tiền để đổi lấy cam kết hoàn trả,Chương 9,approved,Source: glossary.md — Chương 9
crowdfunding,gọi vốn cộng đồng,gọi vốn cộng đồng,financing with investments of small amounts of money from a large number of people,hình thức huy động vốn bằng các khoản đầu tư nhỏ từ một số lượng lớn người,Chương 9,approved,Source: glossary.md — Chương 9
debt financing,tài trợ bằng nợ,tài trợ bằng nợ,"borrowing funds that must be repaid, usually with interest","việc vay vốn phải hoàn trả, thường kèm theo lãi suất",Chương 9,approved,Source: glossary.md — Chương 9
donation,khoản quyên góp,khoản quyên góp,financial gift intended to support an organization’s general operations,khoản tiền được tặng nhằm hỗ trợ hoạt động chung của một tổ chức,Chương 9,approved,Source: glossary.md — Chương 9
early stage,giai đoạn đầu,giai đoạn đầu,company lifecycle stage in which the product or service has begun development,giai đoạn trong vòng đời doanh nghiệp khi sản phẩm hoặc dịch vụ đã bắt đầu được phát triển,Chương 9,approved,Source: glossary.md — Chương 9
equity,vốn chủ sở hữu,vốn chủ sở hữu,owner’s interest in the assets of the business,phần lợi ích của chủ sở hữu đối với tài sản của doanh nghiệp,Chương 9,approved,Source: glossary.md — Chương 9
equity financing,tài trợ bằng vốn chủ sở hữu,tài trợ bằng vốn chủ sở hữu,funds provided in exchange for a share of ownership in a business,nguồn vốn được cung cấp để đổi lấy một phần quyền sở hữu trong doanh nghiệp,Chương 9,approved,Source: glossary.md — Chương 9
expenses,chi phí,chi phí,costs incurred in the normal course of business operations,các chi phí phát sinh trong quá trình hoạt động kinh doanh bình thường,Chương 9,approved,Source: glossary.md — Chương 9
financial statement,báo cáo tài chính,báo cáo tài chính,output of an accounting system that is used to make financial decisions,sản phẩm đầu ra của hệ thống kế toán được sử dụng để đưa ra các quyết định tài chính,Chương 9,approved,Source: glossary.md — Chương 9
financing,huy động vốn,huy động vốn,raising money to fund the startup and operation of a business,việc huy động tiền để tài trợ cho việc khởi nghiệp và vận hành doanh nghiệp,Chương 9,approved,Source: glossary.md — Chương 9
financing activities,hoạt động tài chính,hoạt động tài chính,section of the statement of cash flows that shows where new infusions of cash are coming from,phần trong báo cáo lưu chuyển tiền tệ thể hiện nguồn tiền mới được đưa vào,Chương 9,approved,Source: glossary.md — Chương 9
fixed assets,tài sản cố định,tài sản cố định,"major purchases with a long life, such as buildings, land, and so on","các tài sản lớn có thời gian sử dụng dài như nhà cửa, đất đai, v.v.",Chương 9,approved,Source: glossary.md — Chương 9
fixed costs,chi phí cố định,chi phí cố định,"costs that do not change, regardless of the amount of sales",các chi phí không thay đổi bất kể mức doanh số,"Chương 9, chương 11",approved,"Source: glossary.md — Chương 9, chương 11"
funds,nguồn vốn,nguồn vốn,financial resources for acquiring assets,các nguồn lực tài chính dùng để mua sắm tài sản,Chương 9,approved,Source: glossary.md — Chương 9
grant,khoản tài trợ,khoản tài trợ,financial gift intended to fund a specific goal or project,khoản tiền được cấp nhằm tài trợ cho một mục tiêu hoặc dự án cụ thể,Chương 9,approved,Source: glossary.md — Chương 9
gross profit,lợi nhuận gộp,lợi nhuận gộp,selling price of a product or service minus its direct costs,giá bán của sản phẩm hoặc dịch vụ trừ đi các chi phí trực tiếp,Chương 9,approved,Source: glossary.md — Chương 9
income (profit-and-loss) statement,báo cáo kết quả kinh doanh,báo cáo kết quả kinh doanh,financial statement that describes how much a company earned while the business was operating and what costs were incurred to generate those revenues,báo cáo tài chính mô tả doanh nghiệp đã kiếm được bao nhiêu trong quá trình hoạt động và các chi phí đã phát sinh để tạo ra doanh thu đó,Chương 9,approved,Source: glossary.md — Chương 9
initial public offering (ipo),phát hành cổ phiếu lần đầu ra công chúng (IPO),phát hành cổ phiếu lần đầu ra công chúng (IPO),process by which a company lists its ownership shares on a public stock exchange,quá trình mà một công ty niêm yết cổ phần của mình trên thị trường chứng khoán công khai,Chương 9,approved,Source: glossary.md — Chương 9
investing activities,hoạt động đầu tư,hoạt động đầu tư,section of the statement of cash flows that shows major purchases of equipment or facilities,phần trong báo cáo lưu chuyển tiền tệ thể hiện các khoản mua sắm lớn về thiết bị hoặc cơ sở vật chất,Chương 9,approved,Source: glossary.md — Chương 9
liability,nợ phải trả,nợ phải trả,company’s debt to another party,khoản nợ của công ty đối với một bên khác,Chương 9,approved,Source: glossary.md — Chương 9
mature stage,giai đoạn trưởng thành,giai đoạn trưởng thành,company lifecycle stage in which the business has reached commercial viability,giai đoạn trong vòng đời doanh nghiệp khi doanh nghiệp đã đạt được tính khả thi thương mại,Chương 9,approved,Source: glossary.md — Chương 9
moonlighting,làm thêm ngoài giờ,làm thêm ngoài giờ,earning income from a source outside of one’s primary employment,việc kiếm thu nhập từ một nguồn ngoài công việc chính,Chương 9,approved,Source: glossary.md — Chương 9
net income,lợi nhuận ròng,lợi nhuận ròng,revenue minus expenses,doanh thu trừ chi phí,Chương 9,approved,Source: glossary.md — Chương 9
operating activities,hoạt động kinh doanh,hoạt động kinh doanh,"section of the statement of cash flows that shows day-to-day activities of the business, such as purchasing supplies, paying rent, and receiving cash from customers","phần trong báo cáo lưu chuyển tiền tệ thể hiện các hoạt động hàng ngày của doanh nghiệp như mua vật tư, trả tiền thuê và thu tiền từ khách hàng",Chương 9,approved,Source: glossary.md — Chương 9
program services,dịch vụ chương trình,dịch vụ chương trình,basic offerings that a nonprofit provides to generate a portion of its revenue to sustain operations,các dịch vụ cơ bản mà tổ chức phi lợi nhuận cung cấp để tạo ra một phần doanh thu nhằm duy trì hoạt động,Chương 9,approved,Source: glossary.md — Chương 9
projection,dự báo,dự báo,forecast of the future operations of a business,dự báo về hoạt động trong tương lai của doanh nghiệp,Chương 9,approved,Source: glossary.md — Chương 9
revenue,doanh thu,doanh thu,amount a business earns through product sales or providing a service,số tiền mà doanh nghiệp kiếm được thông qua việc bán sản phẩm hoặc cung cấp dịch vụ,Chương 9,approved,Source: glossary.md — Chương 9
run rate,tốc độ vận hành (run rate),tốc độ vận hành (run rate),cost of running a business over a specified period of time,chi phí để vận hành doanh nghiệp trong một khoảng thời gian xác định,Chương 9,approved,Source: glossary.md — Chương 9
seed stage,giai đoạn hạt giống,giai đoạn hạt giống,company lifecycle stage in which the business is largely still an idea,giai đoạn trong vòng đời doanh nghiệp khi doanh nghiệp chủ yếu vẫn còn ở dạng ý tưởng,Chương 9,approved,Source: glossary.md — Chương 9
statement of cash flows,báo cáo lưu chuyển tiền tệ,báo cáo lưu chuyển tiền tệ,financial statement that explains the sources and uses of the company’s cash,báo cáo tài chính giải thích các nguồn và việc sử dụng tiền của công ty,Chương 9,approved,Source: glossary.md — Chương 9
sustainable strategy,chiến lược bền vững,chiến lược bền vững,strategy that can maintain an organization’s financial stability,chiến lược có thể duy trì sự ổn định tài chính của tổ chức,Chương 9,approved,Source: glossary.md — Chương 9
tax-exempt status,tình trạng miễn thuế,tình trạng miễn thuế,treatment under U.S. tax law that removes the burden of taxes from nonprofit organizations,chế độ theo luật thuế Hoa Kỳ giúp miễn nghĩa vụ thuế cho các tổ chức phi lợi nhuận,Chương 9,approved,Source: glossary.md — Chương 9
valuation,định giá,định giá,estimate of a company’s worth,ước tính giá trị của một công ty,Chương 9,approved,Source: glossary.md — Chương 9
variable costs,chi phí biến đổi,chi phí biến đổi,costs that fluctuate with the level of revenue,các chi phí biến động theo mức doanh thu,"Chương 9, Chương 11",approved,"Source: glossary.md — Chương 9, Chương 11"
venture capitalist,nhà đầu tư mạo hiểm,nhà đầu tư mạo hiểm,individual or investment firm that specializes in funding startup companies,cá nhân hoặc công ty đầu tư chuyên tài trợ cho các doanh nghiệp khởi nghiệp,Chương 9,approved,Source: glossary.md — Chương 9
working capital,vốn lưu động,vốn lưu động,funds available for day-to-day operations,nguồn vốn sẵn có để phục vụ hoạt động hàng ngày,Chương 9,approved,Source: glossary.md — Chương 9
financial sustainability,tính bền vững tài chính,tính bền vững tài chính,tính bền vững tài chính,khả năng của một tổ chức trong việc duy trì tình trạng tài chính lành mạnh và tiếp tục hoạt động trong dài hạn mà không phụ thuộc vào các nguồn hỗ trợ không bền vững,Chương 9 (bổ sung),approved,Source: glossary.md — Chương 9 (bổ sung)
cost structure,cơ cấu chi phí,cơ cấu chi phí,cơ cấu chi phí,cơ cấu và tỷ trọng của các loại chi phí khác nhau (cố định và biến đổi) mà doanh nghiệp phải chịu,Chương 9 (bổ sung),approved,Source: glossary.md — Chương 9 (bổ sung)
financial forecasting,dự báo tài chính,dự báo tài chính,dự báo tài chính,"quá trình ước tính các kết quả tài chính trong tương lai dựa trên dữ liệu lịch sử, các giả định và xu hướng thị trường",Chương 9 (bổ sung),approved,Source: glossary.md — Chương 9 (bổ sung)
born global,doanh nghiệp toàn cầu ngay từ đầu,doanh nghiệp toàn cầu ngay từ đầu,venture seeking to be a global company from its inception,một doanh nghiệp hướng tới trở thành công ty toàn cầu ngay từ khi được hình thành,Chương 10,approved,Source: glossary.md — Chương 10
build-measure-learn loop,vòng lặp xây dựng – đo lường – học hỏi,vòng lặp xây dựng – đo lường – học hỏi,"step-by-step approach on how to maneuver a startup, how to change course if necessary, how to persevere, and how to accelerate the expansion of a business","cách tiếp cận từng bước về cách vận hành một startup, cách thay đổi hướng đi khi cần thiết, cách kiên trì, và cách thúc đẩy việc mở rộng của một doanh nghiệp",Chương 10,approved,Source: glossary.md — Chương 10
business failure,thất bại kinh doanh,thất bại kinh doanh,"ending a business due to the lack of goal attainment, which can include low levels of revenue and profit, or not meeting investors’ expectations","việc chấm dứt một doanh nghiệp do không đạt được các mục tiêu đã đề ra, có thể bao gồm mức doanh thu và lợi nhuận thấp hoặc không đáp ứng được kỳ vọng của nhà đầu tư",Chương 10,approved,Source: glossary.md — Chương 10
business lifecycle,vòng đời doanh nghiệp,vòng đời doanh nghiệp,"stages companies go through: birth, growth (or expansion to new markets and products), maturity, decline, death or rebirth","các giai đoạn mà doanh nghiệp trải qua: hình thành, tăng trưởng (hoặc mở rộng sang thị trường và sản phẩm mới), trưởng thành, suy thoái, kết thúc hoặc tái sinh",Chương 10,approved,Source: glossary.md — Chương 10
early adopters,người chấp nhận sớm,người chấp nhận sớm,people who like to try new things and can be found at the onset of the adoption process for a product,những người thích thử những điều mới và có thể được tìm thấy ở giai đoạn đầu của quá trình chấp nhận một sản phẩm,Chương 10,approved,Source: glossary.md — Chương 10
global entrepreneurship monitor (gem),Global Entrepreneurship Monitor (GEM),Global Entrepreneurship Monitor (GEM),organization that researches entrepreneurship around the world,một tổ chức nghiên cứu về hoạt động khởi nghiệp trên toàn thế giới,Chương 10,approved,Source: glossary.md — Chương 10
innovation accounting,kế toán đổi mới,kế toán đổi mới,assesses whether the changes made to the product are creating the desired results,việc đánh giá liệu những thay đổi được thực hiện đối với sản phẩm có tạo ra các kết quả mong muốn hay không,Chương 10,approved,Source: glossary.md — Chương 10
iterations,các lần lặp cải tiến,các lần lặp cải tiến,small changes to the current version of a product to make it better fit consumer needs,những thay đổi nhỏ đối với phiên bản hiện tại của sản phẩm nhằm làm cho sản phẩm phù hợp hơn với nhu cầu của người tiêu dùng,Chương 10,approved,Source: glossary.md — Chương 10
joint venture,liên doanh,liên doanh,temporary partnership in which two different enterprises combine for the purpose of mutual benefits such as sharing of expenses and to work toward shared goals and the associated potential revenue,một quan hệ hợp tác tạm thời trong đó hai doanh nghiệp khác nhau kết hợp với nhau nhằm đạt được lợi ích chung như chia sẻ chi phí và cùng hướng tới các mục tiêu chung cũng như doanh thu tiềm năng liên quan,"Chương 10, Chương 13",approved,"Source: glossary.md — Chương 10, Chương 13"
lean pitch,bài thuyết trình tinh gọn,bài thuyết trình tinh gọn,verbal delivery of an idea or business plan as a request to a group of investors by an entrepreneur,việc trình bày bằng lời một ý tưởng hoặc kế hoạch kinh doanh như một đề nghị gửi tới một nhóm nhà đầu tư bởi một doanh nhân,Chương 10,approved,Source: glossary.md — Chương 10
lean plan,kế hoạch kinh doanh tinh gọn,kế hoạch kinh doanh tinh gọn,"brief business plan shown to potential investors and employees that is a fast and effective way to set, manage, and evaluate goals and strategies in a business","một kế hoạch kinh doanh ngắn gọn được trình bày cho các nhà đầu tư và nhân viên tiềm năng, là một cách nhanh chóng và hiệu quả để thiết lập, quản lý và đánh giá các mục tiêu và chiến lược trong doanh nghiệp",Chương 10,approved,Source: glossary.md — Chương 10
lean startup,khởi nghiệp tinh gọn,khởi nghiệp tinh gọn,methodology entrepreneurs use this method to help them innovate by continuously testing their products and getting feedback from customers in real time,một phương pháp luận mà doanh nhân sử dụng nhằm giúp họ đổi mới bằng cách liên tục thử nghiệm sản phẩm của mình và nhận phản hồi từ khách hàng theo thời gian thực,Chương 10,approved,Source: glossary.md — Chương 10
licensing,cấp phép,cấp phép,contract in which one enterprise gives permission to another entity to manufacture and sell its products for a royalty,một hợp đồng trong đó một doanh nghiệp cho phép một thực thể khác sản xuất và bán sản phẩm của mình để đổi lấy tiền bản quyền,Chương 10,approved,Source: glossary.md — Chương 10
mergers and acquisitions,sáp nhập và mua lại,sáp nhập và mua lại,"when two companies combine, or one buys the majority stake of the other","khi hai công ty hợp nhất với nhau, hoặc một công ty mua phần lớn cổ phần của công ty kia",Chương 10,approved,Source: glossary.md — Chương 10
pivoting,chuyển hướng chiến lược,chuyển hướng chiến lược,"crucial change done to test a hypothesis regarding the basic product, its growth potential, and business model; if something is not working, then a change or a “pivot” needs to take place","một sự thay đổi quan trọng được thực hiện nhằm kiểm định một giả thuyết liên quan đến sản phẩm cốt lõi, tiềm năng tăng trưởng và mô hình kinh doanh; nếu một điều gì đó không hiệu quả, thì cần phải thực hiện một sự thay đổi hay “pivot”",Chương 10,approved,Source: glossary.md — Chương 10
strategic alliance,liên minh chiến lược,liên minh chiến lược,"arrangement created by two entities to work on a project by sharing some of their strengths and resources, but not actually creating a new entity as in the case of a joint venture","một sự sắp xếp được tạo ra bởi hai thực thể để cùng làm việc trong một dự án bằng cách chia sẻ một phần thế mạnh và nguồn lực của họ, nhưng không thực sự tạo ra một pháp nhân mới như trong trường hợp của liên doanh",Chương 10,approved,Source: glossary.md — Chương 10
growth strategy,chiến lược tăng trưởng,chiến lược tăng trưởng,"plan outlining how a business intends to expand its market share, revenue, or scale of operations","kế hoạch xác định cách doanh nghiệp mở rộng thị phần, doanh thu hoặc quy mô hoạt động",Chương 10 (bổ sung),approved,Source: glossary.md — Chương 10 (bổ sung)
market expansion,mở rộng thị trường,mở rộng thị trường,strategy of entering new markets or reaching new customer segments,chiến lược thâm nhập thị trường mới hoặc tiếp cận các phân khúc khách hàng mới,Chương 10 (bổ sung),approved,Source: glossary.md — Chương 10 (bổ sung)
operational scaling,mở rộng vận hành,mở rộng vận hành,process of increasing a company’s operational capacity to handle growth efficiently,quá trình mở rộng năng lực vận hành của doanh nghiệp nhằm đáp ứng tăng trưởng một cách hiệu quả,Chương 10 (bổ sung),approved,Source: glossary.md — Chương 10 (bổ sung)
performance metrics,chỉ số đo lường hiệu quả,chỉ số đo lường hiệu quả,"quantifiable measures used to evaluate the success or performance of a business, product, or process","các chỉ số định lượng được sử dụng để đánh giá mức độ hiệu quả hoặc hiệu suất của doanh nghiệp, sản phẩm hoặc quy trình",Chương 10 (bổ sung),approved,Source: glossary.md — Chương 10 (bổ sung)
business model canvas,mô hình kinh doanh canvas,mô hình kinh doanh canvas,"developed by Osterwalder and Pigneur, used to develop a business model for a venture, including nine blocks that are mapped out to address customer segments, customer relationships, channels, revenue streams, value propositions, key partners, key activities, key resources, and cost structure","được phát triển bởi Osterwalder và Pigneur, được sử dụng để xây dựng mô hình kinh doanh cho một doanh nghiệp, bao gồm chín thành phần được bố trí nhằm xử lý các phân khúc khách hàng, mối quan hệ khách hàng, kênh phân phối, dòng doanh thu, giá trị đề xuất, đối tác chính, hoạt động chính, nguồn lực chính và cấu trúc chi phí",Chương 11,approved,Source: glossary.md — Chương 11
business model innovation,đổi mới mô hình kinh doanh,đổi mới mô hình kinh doanh,occurs when an existing business fundamentally changes their business model,xảy ra khi một doanh nghiệp hiện có thay đổi một cách căn bản mô hình kinh doanh của mình,Chương 11,approved,Source: glossary.md — Chương 11
business plan,kế hoạch kinh doanh,kế hoạch kinh doanh,"formal document that typically describes the business and industry, market strategies, sales potential, and competitive analysis, as well as the company’s long-term goals and objectives","tài liệu chính thức thường mô tả doanh nghiệp và ngành, các chiến lược thị trường, tiềm năng bán hàng và phân tích cạnh tranh, cũng như các mục tiêu và mục tiêu dài hạn của công ty",Chương 11,approved,Source: glossary.md — Chương 11
competitive matrix,ma trận cạnh tranh,ma trận cạnh tranh,"shows how and why a startup has a clear if not measurable competitive advantage for relevant features/benefits by weight according to customers, such as price and quality in relation to competitors","cho thấy bằng cách nào và vì sao một startup có lợi thế cạnh tranh rõ ràng (dù có thể chưa đo lường được) đối với các đặc điểm/lợi ích liên quan, được đánh giá theo mức độ quan trọng đối với khách hàng, chẳng hạn như giá và chất lượng so với đối thủ",Chương 11,approved,Source: glossary.md — Chương 11
customer empathy map,bản đồ thấu cảm khách hàng,bản đồ thấu cảm khách hàng,"portrayal of a target customer, the most promising candidate from a business’ customer segments, which explores the understanding of that person’s condition from their perspective to understand his or her problems and needs","sự mô tả một khách hàng mục tiêu, là ứng viên triển vọng nhất trong các phân khúc khách hàng của doanh nghiệp, nhằm khám phá và hiểu tình trạng của người đó từ góc nhìn của họ để hiểu các vấn đề và nhu cầu của họ",Chương 11,approved,Source: glossary.md — Chương 11
feasibility analysis,phân tích tính khả thi,phân tích tính khả thi,"feasibility analysis is the process of determining if a business idea is viable; it includes testing the viability of your product or service, evaluating your management team, assessing the market for your concept, and estimating financial viability","phân tích tính khả thi là quá trình xác định liệu một ý tưởng kinh doanh có khả thi hay không; bao gồm việc kiểm tra tính khả thi của sản phẩm hoặc dịch vụ, đánh giá đội ngũ quản lý, đánh giá thị trường cho ý tưởng đó và ước tính tính khả thi về tài chính",Chương 11,approved,Source: glossary.md — Chương 11
financial analysis,phân tích tài chính,phân tích tài chính,"forecasts revenue and expenses; projects a financial narrative; and estimates project costs, valuations, and cash flow projections","dự báo doanh thu và chi phí; xây dựng bức tranh tài chính; và ước tính chi phí dự án, định giá và các dự báo dòng tiền",Chương 11,approved,Source: glossary.md — Chương 11
go-or-no-go decision,quyết định tiếp tục hoặc dừng,quyết định tiếp tục hoặc dừng,determination to proceed with or abandon a plan or project,việc xác định tiếp tục triển khai hoặc từ bỏ một kế hoạch hoặc dự án,Chương 11,approved,Source: glossary.md — Chương 11
lean model canvas,mô hình lean canvas,mô hình lean canvas,"developed by Ash Maurya as a derivation of the original business model canvas; this canvas differs by addressing unfair advantages, problems, solutions, and key metrics rather than customer relationships, key partners, key activities, and key resources","được phát triển bởi Ash Maurya như một phiên bản biến thể của mô hình business model canvas; mô hình này khác ở chỗ tập trung vào lợi thế cạnh tranh không công bằng, vấn đề, giải pháp và các chỉ số chính thay vì mối quan hệ khách hàng, đối tác chính, hoạt động chính và nguồn lực chính",Chương 11,approved,Source: glossary.md — Chương 11
projected cash flow,dòng tiền dự kiến,dòng tiền dự kiến,"outline of preliminary expenses, operating expenses, and reserves","bản phác thảo các chi phí ban đầu, chi phí vận hành và các khoản dự trữ",Chương 11,approved,Source: glossary.md — Chương 11
social business model canvas,mô hình kinh doanh xã hội canvas,mô hình kinh doanh xã hội canvas,"modification of the business model canvas, designed for social entrepreneurship venues; new areas address impact measures around social impacts and its measurement, surplus, beneficiary segments and social and customer value propositions","phiên bản điều chỉnh của business model canvas, được thiết kế cho các doanh nghiệp xã hội; các thành phần mới đề cập đến việc đo lường tác động xã hội, phần thặng dư, các nhóm thụ hưởng và các giá trị đề xuất xã hội và khách hàng",Chương 11,approved,Source: glossary.md — Chương 11
value proposition canvas,mô hình giá trị đề xuất canvas,mô hình giá trị đề xuất canvas,"one of the nine blocks on the business model canvas, this additional tool developed by Osterwalder and Pigneur is designed to illustrate a deeper dive into customer understanding and value creation of a business",một trong chín thành phần của business model canvas; công cụ bổ sung này do Osterwalder và Pigneur phát triển nhằm minh họa việc đào sâu hơn vào sự hiểu biết khách hàng và việc tạo ra giá trị của doanh nghiệp,Chương 11,approved,Source: glossary.md — Chương 11
strategic alignment,sự phù hợp chiến lược,sự phù hợp chiến lược,"degree to which an organization’s activities, resources, and objectives are aligned with its overall strategy","mức độ mà các hoạt động, nguồn lực và mục tiêu của tổ chức được liên kết chặt chẽ với chiến lược tổng thể",Chương 11 (bổ sung),approved,Source: glossary.md — Chương 11 (bổ sung)
business viability,tính khả thi của mô hình kinh doanh,tính khả thi của mô hình kinh doanh,ability of a business idea or model to generate sustainable revenue and operate successfully over time,khả năng một ý tưởng hoặc mô hình kinh doanh có thể tạo ra doanh thu bền vững và hoạt động hiệu quả trong dài hạn,Chương 11 (bổ sung),approved,Source: glossary.md — Chương 11 (bổ sung)
competitive positioning,vị thế cạnh tranh,vị thế cạnh tranh,process of establishing a business’s position relative to competitors in the minds of target customers,quá trình xác định vị trí của doanh nghiệp so với đối thủ cạnh tranh trong nhận thức của khách hàng mục tiêu,Chương 11 (bổ sung),approved,Source: glossary.md — Chương 11 (bổ sung)
revenue model design,thiết kế mô hình doanh thu,thiết kế mô hình doanh thu,"process of defining how a business generates revenue from its products, services, or customers","quá trình xác định cách thức doanh nghiệp tạo ra doanh thu từ sản phẩm, dịch vụ hoặc khách hàng",Chương 11 (bổ sung),approved,Source: glossary.md — Chương 11 (bổ sung)
absolute capacity,công suất tối đa tuyệt đối,công suất tối đa tuyệt đối,highest volume of units that a machine can produce within a specified time period,sản lượng đơn vị lớn nhất mà một máy có thể sản xuất trong một khoảng thời gian xác định,Chương 12,approved,Source: glossary.md — Chương 12
baselining,thiết lập đường cơ sở,thiết lập đường cơ sở,internal comparison of actual outcomes with expected outcomes,việc so sánh nội bộ giữa kết quả thực tế và kết quả kỳ vọng,Chương 12,approved,Source: glossary.md — Chương 12
business accelerator,chương trình tăng tốc khởi nghiệp,chương trình tăng tốc khởi nghiệp,organization formed by an alliance of business professionals who assist entrepreneurs in their startup or early stage businesses in exchange for an equity investment in the entrepreneur’s company,"tổ chức được hình thành bởi sự liên kết của các chuyên gia kinh doanh nhằm hỗ trợ các doanh nhân trong giai đoạn khởi nghiệp hoặc giai đoạn đầu, đổi lại một khoản đầu tư vốn cổ phần vào doanh nghiệp của họ",Chương 12,approved,Source: glossary.md — Chương 12
business incubator,vườn ươm doanh nghiệp,vườn ươm doanh nghiệp,"organization formed by a consortium of established professionals or organizations assisting startup or early stage businesses that provides office space, financial support, technical support, or advisors whose specialized skills in management and marketing complement the technical talents of the entrepreneur","tổ chức được hình thành bởi một liên minh các chuyên gia hoặc tổ chức có kinh nghiệm nhằm hỗ trợ các doanh nghiệp khởi nghiệp hoặc giai đoạn đầu, cung cấp không gian làm việc, hỗ trợ tài chính, hỗ trợ kỹ thuật hoặc các cố vấn có kỹ năng chuyên môn về quản lý và marketing nhằm bổ trợ cho năng lực kỹ thuật của doanh nhân",Chương 12,approved,Source: glossary.md — Chương 12
capital expense,chi phí đầu tư tài sản,chi phí đầu tư tài sản,major purchase of a functional asset that is expected to last longer than three years or that still has financial value after being fully depreciated,khoản chi lớn để mua một tài sản phục vụ hoạt động có thời gian sử dụng dự kiến trên ba năm hoặc vẫn còn giá trị tài chính sau khi đã được khấu hao hết,Chương 12,approved,Source: glossary.md — Chương 12
capital improvements,cải tiến tài sản,cải tiến tài sản,"major repairs or improvements that add to the life of an asset by improving its longevity, increasing its value or productivity, or extending its usefulness","các sửa chữa hoặc cải tiến lớn giúp kéo dài tuổi thọ của tài sản bằng cách tăng độ bền, tăng giá trị hoặc năng suất, hoặc kéo dài tính hữu dụng của tài sản",Chương 12,approved,Source: glossary.md — Chương 12
closed group,nhóm đóng,nhóm đóng,"formal, structured group of individuals who have a strict process or specific criteria that applicants must meet before being accepted as members","nhóm chính thức, có cấu trúc, trong đó các cá nhân phải đáp ứng quy trình nghiêm ngặt hoặc các tiêu chí cụ thể trước khi được chấp nhận làm thành viên",Chương 12,approved,Source: glossary.md — Chương 12
creditworthiness,mức độ tín nhiệm tín dụng,mức độ tín nhiệm tín dụng,lender’s assessment of how reliable a company is in repaying a debt,sự đánh giá của bên cho vay về mức độ đáng tin cậy của một doanh nghiệp trong việc hoàn trả khoản nợ,Chương 12,approved,Source: glossary.md — Chương 12
debt service,nghĩa vụ trả nợ,nghĩa vụ trả nợ,"repayment of a loan, including principal and interest","việc hoàn trả một khoản vay, bao gồm cả tiền gốc và tiền lãi",Chương 12,approved,Source: glossary.md — Chương 12
downtime,thời gian ngừng hoạt động,thời gian ngừng hoạt động,"time when production is not occurring due to repair, restocking inventory, or unscheduled work","khoảng thời gian sản xuất bị gián đoạn do sửa chữa, bảo trì, bổ sung tồn kho hoặc các yếu tố ngoài kế hoạch",Chương 12,approved,Source: glossary.md — Chương 12
ergonomics,công thái học,công thái học,study of how work is performed,lĩnh vực nghiên cứu về cách thức công việc được thực hiện,Chương 12,approved,Source: glossary.md — Chương 12
flat organization,tổ chức phẳng,tổ chức phẳng,"organizational structure where owners, executives, or key decision makers interact directly with staff at all levels, with very few if any mid-level managers","cấu trúc tổ chức trong đó chủ sở hữu, nhà quản lý cấp cao hoặc người ra quyết định chính tương tác trực tiếp với nhân viên ở mọi cấp, với rất ít hoặc không có cấp quản lý trung gian",Chương 12,approved,Source: glossary.md — Chương 12
hybrid group,nhóm lai,nhóm lai,"group of individuals who have a loose and flexible set of criteria for membership and function within a very broad set of guidelines; certain criteria may be required of regular members, but guests are frequently accepted with no long-term commitment expected","nhóm các cá nhân có tiêu chí thành viên lỏng lẻo và linh hoạt, hoạt động trong khuôn khổ các hướng dẫn rộng; một số tiêu chí có thể áp dụng cho thành viên chính thức, nhưng khách thường được chấp nhận mà không yêu cầu cam kết dài hạn",Chương 12,approved,Source: glossary.md — Chương 12
inventory management,quản lý tồn kho,quản lý tồn kho,"business operations that include managing the quantity of inventory units in stock, scheduling and cataloguing replacement inventory, organizing shelf location for unit storage, paying for inventory received, and processing, fulfilling, packaging, and shipping customer orders","các hoạt động kinh doanh bao gồm việc quản lý số lượng đơn vị hàng tồn kho, lập kế hoạch và ghi nhận hàng thay thế, tổ chức vị trí lưu trữ, thanh toán hàng nhận được, và xử lý, hoàn tất, đóng gói và vận chuyển đơn hàng cho khách",Chương 12,approved,Source: glossary.md — Chương 12
line of credit (loc),hạn mức tín dụng (LOC),hạn mức tín dụng (LOC),"agreement between a bank and a depositor in which the bank makes available a maximum amount of money the depositor can borrow at any time during the term of the loan; the borrower pays a fee during the term, whether or not there is an outstanding balance, and also pays interest when there is a balance on the loan","thỏa thuận giữa ngân hàng và người gửi tiền, trong đó ngân hàng cung cấp một hạn mức tối đa mà người vay có thể sử dụng bất kỳ lúc nào trong thời hạn vay; người vay trả một khoản phí trong suốt thời hạn, dù có hay không số dư nợ, và đồng thời trả lãi khi có dư nợ",Chương 12,approved,Source: glossary.md — Chương 12
liquidity,tính thanh khoản,tính thanh khoản,"measure of a company’s ability to cover its immediate and short-term (i.e., due within one year) debts and obligations",thước đo khả năng của doanh nghiệp trong việc đáp ứng các khoản nợ và nghĩa vụ đến hạn ngay lập tức và trong ngắn hạn (tức là trong vòng một năm),Chương 12,approved,Source: glossary.md — Chương 12
nepotism,chủ nghĩa thân hữu,chủ nghĩa thân hữu,hiring family and close friends because of personal relationships rather than for their skill sets,việc tuyển dụng người thân hoặc bạn bè thân thiết dựa trên quan hệ cá nhân thay vì năng lực,Chương 12,approved,Source: glossary.md — Chương 12
networking,xây dựng mạng lưới quan hệ,xây dựng mạng lưới quan hệ,"process of establishing and maintaining bilateral relationship with other people to exchange information, ideas, products or services, and money","quá trình thiết lập và duy trì các mối quan hệ hai chiều với người khác nhằm trao đổi thông tin, ý tưởng, sản phẩm hoặc dịch vụ và tiền",Chương 12,approved,Source: glossary.md — Chương 12
north american industry classification system (naics),hệ thống phân loại ngành Bắc Mỹ (NAICS),hệ thống phân loại ngành Bắc Mỹ (NAICS),"standard used by US federal agencies to collect, analyze, and report statistical information about businesses","hệ thống tiêu chuẩn được các cơ quan liên bang Hoa Kỳ sử dụng để thu thập, phân tích và báo cáo dữ liệu thống kê về doanh nghiệp",Chương 12,approved,Source: glossary.md — Chương 12
open group,nhóm mở,nhóm mở,"informal, loosely organized group of individuals who have no formal process for joining or leaving the group, and who focus on a specific activity or social cause","nhóm không chính thức, tổ chức lỏng lẻo, không có quy trình chính thức để tham gia hoặc rời khỏi, và tập trung vào một hoạt động hoặc mục tiêu xã hội cụ thể",Chương 12,approved,Source: glossary.md — Chương 12
operational capacity,công suất vận hành,công suất vận hành,number of units that can reasonably be expected to be produced within a specified time period,số lượng đơn vị có thể được kỳ vọng sản xuất một cách hợp lý trong một khoảng thời gian xác định,Chương 12,approved,Source: glossary.md — Chương 12
operational expenses,chi phí vận hành,chi phí vận hành,"expenses associated with daily, ongoing activities of the business, such as inventory, office supplies, wages, insurance, and utilities","các khoản chi phí liên quan đến hoạt động thường xuyên hàng ngày của doanh nghiệp như hàng tồn kho, vật tư văn phòng, tiền lương, bảo hiểm và tiện ích",Chương 12,approved,Source: glossary.md — Chương 12
operational reserve,dự trữ vận hành,dự trữ vận hành,difference in unit capacity between absolute capacity and operational capacity,phần chênh lệch về công suất đơn vị giữa công suất tối đa tuyệt đối và công suất vận hành,Chương 12,approved,Source: glossary.md — Chương 12
outsourcing,thuê ngoài,thuê ngoài,"hiring an outside company or third party to perform a specific task, job, or process, or to manufacture goods","việc thuê một công ty bên ngoài hoặc bên thứ ba để thực hiện một nhiệm vụ, công việc hoặc quy trình cụ thể, hoặc để sản xuất hàng hóa",Chương 12,approved,Source: glossary.md — Chương 12
pro forma,báo cáo tài chính dự kiến,báo cáo tài chính dự kiến,financial statement that shows how much and where monies will be collected and spent in the early stages of business creation,báo cáo tài chính thể hiện số tiền sẽ được thu và chi như thế nào trong giai đoạn đầu của việc hình thành doanh nghiệp,Chương 12,approved,Source: glossary.md — Chương 12
production time,thời gian sản xuất,thời gian sản xuất,amount of time that a machine is actually producing products that are to be sold; also called up time,khoảng thời gian mà máy thực sự sản xuất ra sản phẩm để bán; còn được gọi là thời gian hoạt động (up time),Chương 12,approved,Source: glossary.md — Chương 12
self-performing,tự thực hiện,tự thực hiện,when employees do most of the work in a business,trường hợp nhân viên thực hiện phần lớn công việc trong doanh nghiệp,Chương 12,approved,Source: glossary.md — Chương 12
total cost of ownership,tổng chi phí sở hữu,tổng chi phí sở hữu,"comprehensive cost of owning large capital items, including initial direct costs, operating direct costs, and indirect costs","tổng chi phí toàn diện khi sở hữu tài sản lớn, bao gồm chi phí trực tiếp ban đầu, chi phí vận hành trực tiếp và chi phí gián tiếp",Chương 12,approved,Source: glossary.md — Chương 12
trade association,hiệp hội ngành nghề,hiệp hội ngành nghề,"group of companies or employees of companies in a specific industry, business structure, or social cause","nhóm các công ty hoặc nhân viên của các công ty trong một ngành cụ thể, một loại hình kinh doanh hoặc một mục tiêu xã hội",Chương 12,approved,Source: glossary.md — Chương 12
professional network,mạng lưới nghề nghiệp,mạng lưới nghề nghiệp,"network of professional contacts that an individual builds and maintains for career, business, or knowledge exchange purposes","mạng lưới các mối quan hệ nghề nghiệp mà một cá nhân xây dựng và duy trì nhằm phục vụ phát triển sự nghiệp, kinh doanh hoặc trao đổi kiến thức",Chương 12 (bổ sung),approved,Source: glossary.md — Chương 12 (bổ sung)
relationship management,quản lý quan hệ,quản lý quan hệ,"process of building, maintaining, and optimizing relationships with stakeholders such as customers, partners, and employees","quá trình xây dựng, duy trì và tối ưu hóa các mối quan hệ với các bên liên quan như khách hàng, đối tác và nhân viên",Chương 12 (bổ sung),approved,Source: glossary.md — Chương 12 (bổ sung)
network leverage,khai thác giá trị từ mạng lưới,khai thác giá trị từ mạng lưới,"use of one’s professional network to gain access to resources, information, opportunities, or influence","việc tận dụng các mối quan hệ trong mạng lưới để tiếp cận nguồn lực, thông tin, cơ hội hoặc tạo ảnh hưởng",Chương 12 (bổ sung),approved,Source: glossary.md — Chương 12 (bổ sung)
collaboration strategy,chiến lược hợp tác,chiến lược hợp tác,plan outlining how an organization works with partners or stakeholders to achieve shared goals,kế hoạch xác định cách thức một tổ chức hợp tác với đối tác hoặc các bên liên quan nhằm đạt được mục tiêu chung,Chương 12 (bổ sung),approved,Source: glossary.md — Chương 12 (bổ sung)
b corporation,doanh nghiệp B Corp,doanh nghiệp B Corp,"business that meets a very high standard of social and environmental performance, public transparency, and accountability to balance profit with social purpose","doanh nghiệp đáp ứng các tiêu chuẩn rất cao về hiệu quả xã hội và môi trường, tính minh bạch công khai và trách nhiệm giải trình nhằm cân bằng giữa lợi nhuận và mục tiêu xã hội",Chương 13,approved,Source: glossary.md — Chương 13
business purpose,mục đích kinh doanh,mục đích kinh doanh,"reason the entrepreneur forms the company and determines who benefits from it, whether it is the entrepreneur, customers, or some other entity","lý do mà doanh nhân thành lập doanh nghiệp và xác định ai là đối tượng hưởng lợi từ doanh nghiệp đó, có thể là doanh nhân, khách hàng hoặc một chủ thể khác",Chương 13,approved,Source: glossary.md — Chương 13
business structure,cấu trúc doanh nghiệp,cấu trúc doanh nghiệp,legal organization of a business; also called entity selection,hình thức tổ chức pháp lý của một doanh nghiệp; còn được gọi là lựa chọn loại hình pháp nhân,Chương 13,approved,Source: glossary.md — Chương 13
c corporation,công ty C,công ty C,"corporation taxed the corporate level, and then again on the owners’ personal income tax returns if corporate income is distributed to the shareholders as dividends","công ty chịu thuế ở cấp độ doanh nghiệp, và sau đó tiếp tục bị đánh thuế trên tờ khai thuế thu nhập cá nhân của các chủ sở hữu nếu thu nhập của công ty được phân phối cho các cổ đông dưới dạng cổ tức",Chương 13,approved,Source: glossary.md — Chương 13
capital,vốn,vốn,money raised for operating a business,số tiền được huy động để vận hành doanh nghiệp,Chương 13,approved,Source: glossary.md — Chương 13
corporation,công ty cổ phần,công ty cổ phần,complex business structure created by filing the appropriate documents with the state of incorporation,loại hình doanh nghiệp có cấu trúc pháp lý phức tạp được hình thành bằng cách nộp các tài liệu phù hợp với cơ quan đăng ký thành lập theo quy định của bang,Chương 13,approved,Source: glossary.md — Chương 13
economic nexus,liên kết kinh tế,liên kết kinh tế,virtual connection with a state based on sales volume or number of transactions,mối liên kết kinh tế “ảo” với một bang dựa trên khối lượng doanh số hoặc số lượng giao dịch,Chương 13,approved,Source: glossary.md — Chương 13
enterprise risk management,quản trị rủi ro doanh nghiệp,quản trị rủi ro doanh nghiệp,integrated cross-disciplinary approach to monitoring risk,"phương pháp tích hợp, liên ngành nhằm giám sát và quản lý rủi ro",Chương 13,approved,Source: glossary.md — Chương 13
equity crowdfunding,gọi vốn cộng đồng bằng vốn cổ phần,gọi vốn cộng đồng bằng vốn cổ phần,raising of capital through the online sale of securities to the general public,việc huy động vốn thông qua việc bán chứng khoán trực tuyến cho công chúng,Chương 13,approved,Source: glossary.md — Chương 13
financial risk,rủi ro tài chính,rủi ro tài chính,starting a new business with insufficient funds to sustain operations over an extended period of time,rủi ro phát sinh khi bắt đầu kinh doanh với nguồn vốn không đủ để duy trì hoạt động trong một khoảng thời gian dài,Chương 13,approved,Source: glossary.md — Chương 13
for-profit business,doanh nghiệp vì lợi nhuận,doanh nghiệp vì lợi nhuận,business structure designed to create profits that are distributed to the owners,loại hình doanh nghiệp được thiết kế nhằm tạo ra lợi nhuận và phân phối lợi nhuận đó cho các chủ sở hữu,Chương 13,approved,Source: glossary.md — Chương 13
general partnership,hợp danh chung,hợp danh chung,business created when two or more individuals or entities agree to work together to operate a business for profit,doanh nghiệp được hình thành khi hai hoặc nhiều cá nhân hoặc tổ chức đồng ý hợp tác để vận hành một hoạt động kinh doanh nhằm mục đích lợi nhuận,Chương 13,approved,Source: glossary.md — Chương 13
insurance,bảo hiểm,bảo hiểm,spreading risk over a large number of people (policyholders),việc phân tán rủi ro trên một số lượng lớn các cá nhân (những người tham gia bảo hiểm),Chương 13,approved,Source: glossary.md — Chương 13
legal risk,rủi ro pháp lý,rủi ro pháp lý,"risk stemming primarily from a breach of contract, a regulatory violation, and/or the commission of a tort","rủi ro phát sinh chủ yếu từ việc vi phạm hợp đồng, vi phạm quy định pháp luật và/hoặc thực hiện hành vi vi phạm dân sự",Chương 13,approved,Source: glossary.md — Chương 13
limited liability company (llc),công ty trách nhiệm hữu hạn (LLC),công ty trách nhiệm hữu hạn (LLC),hybrid of a corporation and a partnership that limits the owners’ liability,"loại hình kết hợp giữa công ty cổ phần và hợp danh, trong đó trách nhiệm của chủ sở hữu được giới hạn",Chương 13,approved,Source: glossary.md — Chương 13
limited liability partnership (llp),hợp danh trách nhiệm hữu hạn (LLP),hợp danh trách nhiệm hữu hạn (LLP),"business arrangement for professional partnerships, such as law firms or accounting firms, in which partners are licensed professionals, with limited liability for financial obligations related to contracts or torts, but full liability for their own personal malpractice","hình thức tổ chức dành cho các hợp danh chuyên môn như công ty luật hoặc kế toán, trong đó các đối tác là những người có giấy phép hành nghề, có trách nhiệm hữu hạn đối với các nghĩa vụ tài chính liên quan đến hợp đồng hoặc vi phạm dân sự, nhưng chịu trách nhiệm đầy đủ đối với sai sót nghề nghiệp của chính mình",Chương 13,approved,Source: glossary.md — Chương 13
limited partnership (lp),hợp danh hữu hạn (LP),hợp danh hữu hạn (LP),business arrangement that has at least one general partner and one or more limited partners,hình thức hợp danh có ít nhất một thành viên hợp danh và một hoặc nhiều thành viên góp vốn,Chương 13,approved,Source: glossary.md — Chương 13
not-for-profit organization (nfpo),tổ chức phi lợi nhuận (NFPO),tổ chức phi lợi nhuận (NFPO),business structure that is usually dedicated to furthering a particular social cause or advocacy related to a common shared interest by using its surplus revenues to achieve its ultimate objective,"loại hình tổ chức thường hướng tới việc thúc đẩy một mục tiêu xã hội cụ thể hoặc hoạt động vận động liên quan đến lợi ích chung, bằng cách sử dụng phần doanh thu dư thừa để đạt được mục tiêu cuối cùng",Chương 13,approved,Source: glossary.md — Chương 13
partnership,hợp danh,hợp danh,"business entity formed by two or more individuals, or partners, each of whom contributes something such as capital, equipment, or skills","loại hình doanh nghiệp được hình thành bởi hai hoặc nhiều cá nhân (các đối tác), trong đó mỗi người đóng góp một yếu tố như vốn, thiết bị hoặc kỹ năng",Chương 13,approved,Source: glossary.md — Chương 13
privately held corporation,công ty tư nhân (không niêm yết),công ty tư nhân (không niêm yết),"company that does not allow members of the investing public to own stock; instead, it is owned by the founder’s family or friends, or a private group of investors","công ty không cho phép công chúng đầu tư sở hữu cổ phần; thay vào đó, công ty thuộc sở hữu của gia đình, bạn bè của người sáng lập hoặc một nhóm nhà đầu tư tư nhân",Chương 13,approved,Source: glossary.md — Chương 13
public corporation,công ty công,công ty công,"quasi-governmental entity, a corporation owned or sponsored by the government","thực thể mang tính bán chính phủ, là công ty do nhà nước sở hữu hoặc tài trợ",Chương 13,approved,Source: glossary.md — Chương 13
publicly held corporation,công ty đại chúng,công ty đại chúng,entity in which members of the investing public own the stock,công ty mà công chúng đầu tư nắm giữ cổ phần,Chương 13,approved,Source: glossary.md — Chương 13
s corporation,công ty S,công ty S,"“pass-through” entity, also known as a small corporation, where shareholders report and claim the business’s profits as their own and pay personal income taxes on it","loại hình “chuyển thuế”, còn gọi là công ty nhỏ, trong đó cổ đông khai báo và nhận lợi nhuận của doanh nghiệp như thu nhập cá nhân và nộp thuế thu nhập cá nhân cho khoản đó",Chương 13,approved,Source: glossary.md — Chương 13
sole proprietorship,doanh nghiệp tư nhân,doanh nghiệp tư nhân,business entity that is owned and managed by one individual that has very little formal structure and no mandatory filing/registration with the state,"loại hình doanh nghiệp do một cá nhân sở hữu và điều hành, có rất ít cấu trúc chính thức và không yêu cầu đăng ký/báo cáo bắt buộc với nhà nước",Chương 13,approved,Source: glossary.md — Chương 13
regulatory environment,môi trường pháp lý,môi trường pháp lý,"set of laws, regulations, and policies governing how businesses operate","hệ thống các luật, quy định và chính sách điều chỉnh hoạt động của doanh nghiệp",Chương 13 (bổ sung),approved,Source: glossary.md — Chương 13 (bổ sung)
legal compliance,tuân thủ pháp luật,tuân thủ pháp luật,"adherence to laws, regulations, and industry standards applicable to a business","việc doanh nghiệp tuân thủ các quy định pháp luật, quy chuẩn và tiêu chuẩn ngành có liên quan",Chương 13 (bổ sung),approved,Source: glossary.md — Chương 13 (bổ sung)
ownership structure,cơ cấu sở hữu,cơ cấu sở hữu,distribution of ownership rights and equity among shareholders or owners,cách thức phân bổ quyền sở hữu và vốn cổ phần giữa các chủ sở hữu hoặc cổ đông,Chương 13 (bổ sung),approved,Source: glossary.md — Chương 13 (bổ sung)
contractual agreement,thỏa thuận hợp đồng,thỏa thuận hợp đồng,legally binding agreement between parties outlining rights and obligations,"thỏa thuận có tính ràng buộc pháp lý giữa hai hoặc nhiều bên, quy định rõ quyền và nghĩa vụ của các bên liên quan.",Chương 13 (bổ sung),approved,Source: glossary.md — Chương 13 (bổ sung)
advisory board,hội đồng cố vấn,hội đồng cố vấn,"group of advisors that helps an organization make strategic decisions about the business, bringing certain knowledge and experience that can bring a new perspective on issues without having the actual authority to vote or govern","nhóm các cố vấn giúp tổ chức đưa ra các quyết định chiến lược về hoạt động kinh doanh, mang đến kiến thức và kinh nghiệm nhất định nhằm cung cấp góc nhìn mới về các vấn đề mà không có quyền biểu quyết hay quyền quản trị chính thức",Chương 14,approved,Source: glossary.md — Chương 14
decision tree,cây quyết định,cây quyết định,flowchart diagram used to explore the outcomes of different decisions,sơ đồ dạng lưu đồ được sử dụng để khám phá các kết quả của những quyết định khác nhau,Chương 14,approved,Source: glossary.md — Chương 14
economic factors,các yếu tố kinh tế,các yếu tố kinh tế,"inflation, interest, employment, and currency exchange rates, (among many other factors) that impact the business owner’s pricing of goods or services, the demand for such services, and the cost of production","các yếu tố như lạm phát, lãi suất, việc làm và tỷ giá hối đoái (cùng nhiều yếu tố khác) ảnh hưởng đến việc định giá hàng hóa hoặc dịch vụ của chủ doanh nghiệp, nhu cầu đối với các dịch vụ đó và chi phí sản xuất",Chương 14,approved,Source: glossary.md — Chương 14
funding sources,nguồn vốn,nguồn vốn,monetary resources used by the entrepreneur in the operation of the initial startup and early business,các nguồn lực tài chính được doanh nhân sử dụng trong quá trình vận hành giai đoạn khởi nghiệp ban đầu và giai đoạn đầu của doanh nghiệp,Chương 14,approved,Source: glossary.md — Chương 14
human resources,nguồn nhân lực,nguồn nhân lực,"people hired by the entrepreneur to perform various duties in the business, provide customer service, or produce the goods","những người được doanh nhân tuyển dụng để thực hiện các nhiệm vụ khác nhau trong doanh nghiệp, cung cấp dịch vụ khách hàng hoặc sản xuất hàng hóa",Chương 14,approved,Source: glossary.md — Chương 14
independent contractors,nhà thầu độc lập,nhà thầu độc lập,"(also, freelancer) people or businesses that provide work similar to an employee without being part of the payroll for the contracting business, and who pay their own taxes and pay for their own benefits","(còn gọi là freelancer) các cá nhân hoặc doanh nghiệp cung cấp công việc tương tự như nhân viên nhưng không thuộc biên chế trả lương của doanh nghiệp thuê họ, và tự chịu trách nhiệm nộp thuế cũng như chi trả các phúc lợi của mình",Chương 14,approved,Source: glossary.md — Chương 14
intangible resources,nguồn lực vô hình,nguồn lực vô hình,"assets that cannot be seen, touched, or felt, such as intellectual property, patents, designs, and processes","các tài sản không thể nhìn thấy, chạm vào hoặc cảm nhận được, như tài sản trí tuệ, bằng sáng chế, thiết kế và quy trình",Chương 14,approved,Source: glossary.md — Chương 14
line of credit,hạn mức tín dụng,hạn mức tín dụng,lending of funds in exchange for a promise to repay,việc cho vay vốn để đổi lấy cam kết hoàn trả,Chương 14,approved,Source: glossary.md — Chương 14
pest framework,mô hình PEST,mô hình PEST,"framework that can be used to distinguish political, economic, sociocultural, and technological factors influencing access to needed resources","mô hình được sử dụng để phân biệt các yếu tố chính trị, kinh tế, xã hội–văn hóa và công nghệ ảnh hưởng đến khả năng tiếp cận các nguồn lực cần thiết",Chương 14,approved,Source: glossary.md — Chương 14
political factors,các yếu tố chính trị,các yếu tố chính trị,"stem from changes in politics, such as the policies of a new presidential administration or congressional legislation, as well as of state and local offices","phát sinh từ những thay đổi trong chính trị, chẳng hạn như các chính sách của chính quyền mới hoặc các đạo luật của cơ quan lập pháp, cũng như từ cấp bang và địa phương",Chương 14,approved,Source: glossary.md — Chương 14
pre-launch costs,chi phí trước khi ra mắt,chi phí trước khi ra mắt,cost of all the resources needed to open the business to the public,chi phí của toàn bộ các nguồn lực cần thiết để đưa doanh nghiệp ra hoạt động công khai,Chương 14,approved,Source: glossary.md — Chương 14
quota,hạn ngạch,hạn ngạch,"specific number of units allowed into a country; sometimes quotas are limited to one source, such as one country, and sometimes the limit is placed on aggregate quantity regardless of source(s)","số lượng đơn vị cụ thể được phép nhập vào một quốc gia; đôi khi hạn ngạch chỉ áp dụng cho một nguồn, chẳng hạn như một quốc gia, và đôi khi giới hạn được áp dụng cho tổng số lượng bất kể nguồn",Chương 14,approved,Source: glossary.md — Chương 14
resource dependence theory (rdt) model,mô hình lý thuyết phụ thuộc nguồn lực (RDT),mô hình lý thuyết phụ thuộc nguồn lực (RDT),"model creating networks with business partners through mergers, vertical integration, joint ventures, or engaging in joint political activities to slow dependency among member groups","mô hình tạo lập mạng lưới với các đối tác kinh doanh thông qua sáp nhập, tích hợp dọc, liên doanh hoặc tham gia các hoạt động chính trị chung nhằm giảm sự phụ thuộc giữa các nhóm thành viên",Chương 14,approved,Source: glossary.md — Chương 14
service mark,nhãn hiệu dịch vụ,nhãn hiệu dịch vụ,"word, phrase, symbol, or graphic that identifies the origin or source of a service","từ, cụm từ, biểu tượng hoặc hình ảnh xác định nguồn gốc của một dịch vụ",Chương 14,approved,Source: glossary.md — Chương 14
sociocultural factors,các yếu tố xã hội–văn hóa,các yếu tố xã hội–văn hóa,changes in how society is moving and the direction of that movement as it relates to a customer base and potential new markets,những thay đổi trong cách xã hội vận động và hướng đi của sự vận động đó liên quan đến tập khách hàng và các thị trường tiềm năng mới,Chương 14,approved,Source: glossary.md — Chương 14
tangible resources,nguồn lực hữu hình,nguồn lực hữu hình,"assets that have a physical form as they can be seen, touched, and felt","các tài sản có hình thái vật lý, có thể nhìn thấy, chạm và cảm nhận",Chương 14,approved,Source: glossary.md — Chương 14
tariffs,thuế quan,thuế quan,taxes or duties that are added to imported goods from another nation,các loại thuế hoặc phí áp dụng lên hàng hóa nhập khẩu từ quốc gia khác,Chương 14,approved,Source: glossary.md — Chương 14
technological factors,các yếu tố công nghệ,các yếu tố công nghệ,technological equipment and tools the enterprise needs to be sure it operates efficiently,các thiết bị và công cụ công nghệ mà doanh nghiệp cần để đảm bảo hoạt động hiệu quả,Chương 14,approved,Source: glossary.md — Chương 14
resource optimization,tối ưu hóa nguồn lực,tối ưu hóa nguồn lực,efficient allocation and utilization of resources to maximize output or value,quá trình phân bổ và sử dụng nguồn lực một cách hiệu quả nhằm tối đa hóa giá trị hoặc kết quả,Chương 14 (bổ sung),approved,Source: glossary.md — Chương 14 (bổ sung)
capacity utilization,mức độ sử dụng công suất,mức độ sử dụng công suất,extent to which an organization uses its production capacity,mức độ mà doanh nghiệp sử dụng công suất sản xuất hiện có,Chương 14 (bổ sung),approved,Source: glossary.md — Chương 14 (bổ sung)
operational efficiency,hiệu quả vận hành,hiệu quả vận hành,ability to deliver outputs with minimal waste and optimal resource use,khả năng vận hành với mức lãng phí tối thiểu và sử dụng nguồn lực tối ưu,Chương 14 (bổ sung),approved,Source: glossary.md — Chương 14 (bổ sung)
resource constraints,hạn chế nguồn lực,hạn chế nguồn lực,limitations on available resources that restrict operations or growth,"những giới hạn về mức độ sẵn có của các nguồn lực chủ chốt—như vốn, lao động, thời gian, công nghệ hoặc nguyên vật liệu—làm hạn chế khả năng vận hành, tăng trưởng hoặc đạt được mục tiêu của doanh nghiệp.",Chương 14 (bổ sung),approved,Source: glossary.md — Chương 14 (bổ sung)
buyback clause,điều khoản mua lại,điều khoản mua lại,legal agreement regarding an exit by a founding team member prior to the harvesting of the venture,thỏa thuận pháp lý liên quan đến việc một thành viên sáng lập rút lui trước khi doanh nghiệp thu được thành quả,Chương 15,approved,Source: glossary.md — Chương 15
code of conduct,quy tắc ứng xử,quy tắc ứng xử,formal statement that provides guidance on how ethical conduct is demonstrated,tuyên bố chính thức cung cấp hướng dẫn về cách thể hiện hành vi đạo đức,Chương 15,approved,Source: glossary.md — Chương 15
company culture,văn hóa công ty,văn hóa công ty,"shared beliefs, values and assumptions held by people regarding how to behave or conduct themselves within the context of fitting into an organization","các niềm tin, giá trị và giả định chung của mọi người về cách hành xử hoặc cư xử để phù hợp trong một tổ chức",Chương 15,approved,Source: glossary.md — Chương 15
delphi method,phương pháp Delphi,phương pháp Delphi,"group decision-making process that includes a diverse group of people who are located at different locations and willing to respond to a series of questionnaires to assist in providing ideas, information or solutions to a defined question or problem","phương pháp ra quyết định nhóm gồm nhiều người đa dạng ở các địa điểm khác nhau, sẵn sàng trả lời một loạt bảng câu hỏi để hỗ trợ đưa ra ý tưởng, thông tin hoặc giải pháp cho một câu hỏi hoặc vấn đề xác định",Chương 15,approved,Source: glossary.md — Chương 15
escalation of commitment,sự leo thang cam kết,sự leo thang cam kết,tendency to continue with a predetermined action based on the past efforts and contributions to the project rather than an analysis of the current realities that disclose a new solution or approach is necessary,xu hướng tiếp tục một hành động đã định trước dựa trên nỗ lực và đóng góp trong quá khứ thay vì phân tích thực tế hiện tại cho thấy cần một giải pháp hoặc cách tiếp cận mới,Chương 15,approved,Source: glossary.md — Chương 15
fail-safe point,điểm an toàn,điểm an toàn,identified point that triggers the entrepreneur to consider what actions are needed to bring the venture back to a healthy position and whether this action is reasonable and feasible,điểm được xác định kích hoạt doanh nhân cân nhắc các hành động cần thiết để đưa doanh nghiệp trở lại trạng thái lành mạnh và liệu hành động đó có hợp lý và khả thi hay không,Chương 15,approved,Source: glossary.md — Chương 15
founders’ agreement,thỏa thuận giữa các nhà sáng lập,thỏa thuận giữa các nhà sáng lập,"written document that addresses contractual topics such as division of equity, compensation, contributions to the venture, and commitments to the venture with timelines included","tài liệu bằng văn bản đề cập đến các vấn đề hợp đồng như phân chia cổ phần, thù lao, đóng góp cho doanh nghiệp và các cam kết với doanh nghiệp kèm theo mốc thời gian",Chương 15,approved,Source: glossary.md — Chương 15
gantt chart,biểu đồ Gantt,biểu đồ Gantt,bar chart used to organize and plan sequential steps in a process,biểu đồ dạng thanh dùng để tổ chức và lập kế hoạch các bước tuần tự trong một quy trình,Chương 15,approved,Source: glossary.md — Chương 15
hindsight bias,thiên kiến nhìn lại,thiên kiến nhìn lại,"belief that, in retrospect, the outcome was predictable when the outcome wasn’t predictable due to various uncontrollable factors",niềm tin rằng khi nhìn lại thì kết quả có thể dự đoán được trong khi thực tế không thể dự đoán do nhiều yếu tố không kiểm soát được,Chương 15,approved,Source: glossary.md — Chương 15
hubris,sự tự cao,sự tự cao,overinflated belief in oneself,niềm tin quá mức vào bản thân,Chương 15,approved,Source: glossary.md — Chương 15
lifestyle business,doanh nghiệp phục vụ lối sống,doanh nghiệp phục vụ lối sống,business that provides incomes similar to other forms of employment,doanh nghiệp mang lại thu nhập tương tự các hình thức việc làm khác,Chương 15,approved,Source: glossary.md — Chương 15
nominal group technique,kỹ thuật nhóm danh nghĩa,kỹ thuật nhóm danh nghĩa,group decision-making process that requests multiple rounds of responses and discussions of response,phương pháp ra quyết định nhóm yêu cầu nhiều vòng phản hồi và thảo luận về các phản hồi,Chương 15,approved,Source: glossary.md — Chương 15
nondisclosure agreement,thỏa thuận không tiết lộ,thỏa thuận không tiết lộ,formal agreement that the person signing the document will not sharing proprietary information with outside sources,thỏa thuận chính thức rằng người ký sẽ không chia sẻ thông tin độc quyền với bên ngoài,Chương 15,approved,Source: glossary.md — Chương 15
planning fallacy,ngụy biện lập kế hoạch,ngụy biện lập kế hoạch,creation of a plan that is too optimistic and not aligned with conservative assumptions,việc lập kế hoạch quá lạc quan và không phù hợp với các giả định thận trọng,Chương 15,approved,Source: glossary.md — Chương 15
social capital,vốn xã hội,vốn xã hội,goodwill that is created through helping someone else,thiện chí được tạo ra thông qua việc giúp đỡ người khác,Chương 15,approved,Source: glossary.md — Chương 15
status quo bias,thiên kiến hiện trạng,thiên kiến hiện trạng,pattern of relying on previous actions and results as the accepted pattern and outcome with a bias against change or new information or new results,"xu hướng dựa vào các hành động và kết quả trước đây như chuẩn mực chấp nhận, thiên lệch chống lại sự thay đổi hoặc thông tin hay kết quả mới",Chương 15,approved,Source: glossary.md — Chương 15
strategic decision-making,ra quyết định chiến lược,ra quyết định chiến lược,process of making high-level decisions that determine the long-term direction and competitive positioning of an organization.,quá trình đưa ra các quyết định cấp cao nhằm định hướng dài hạn và xác lập vị thế cạnh tranh của tổ chức.,Chương 15 (bổ sung),approved,Source: glossary.md — Chương 15 (bổ sung)
business continuity,duy trì hoạt động kinh doanh,duy trì hoạt động kinh doanh,ability of a business to maintain essential operations during and after disruptions or crises.,khả năng của doanh nghiệp trong việc duy trì các hoạt động cốt lõi trong và sau các sự cố hoặc khủng hoảng.,Chương 15 (bổ sung),approved,Source: glossary.md — Chương 15 (bổ sung)
entrepreneurial transition,chuyển đổi vai trò doanh nhân,chuyển đổi vai trò doanh nhân,"process by which an entrepreneur shifts roles, responsibilities, or leadership style as the business evolves.","quá trình doanh nhân thay đổi vai trò, trách nhiệm hoặc phong cách lãnh đạo khi doanh nghiệp phát triển qua các giai đoạn khác nhau.",Chương 15 (bổ sung),approved,Source: glossary.md — Chương 15 (bổ sung)
long-term planning,hoạch định dài hạn,hoạch định dài hạn,"strategic planning process that sets goals and actions over an extended time horizon, typically several years.","quá trình lập kế hoạch chiến lược nhằm xác định mục tiêu và hành động trong một khoảng thời gian dài, thường kéo dài nhiều năm.",Chương 15 (bổ sung),approved,Source: glossary.md — Chương 15 (bổ sung)
entrepreneur in action,doanh nhân thực chiến,doanh nhân thực chiến/mục chuyên đề doanh nhân thực chiến,feature box title,,Chung,approved,Source: Cập nhật thủ công
entrepreneurship in action,khởi nghiệp thực chiến,khởi nghiệp thực chiến/mục chuyên đề khởi nghiệp thực chiến,feature box title,,Chung,approved,Source: Cập nhật thủ công
american micro devices,American Micro Devices,,,,3,approved,Tên riêng
arrington,Arrington,,,,3,approved,Tên riêng
bayh-dole act,Bayh-Dole Act,,,Đạo luật Bayh-Dole (luật sửa đổi quy định về sở hữu trí tuệ tại Hoa Kỳ),3,approved,Tên riêng
business for social responsibility,Business for Social Responsibility,,,,3,approved,Tên riêng
business roundtable,Business Roundtable,,,Một hiệp hội phi lợi nhuận gồm các CEO của các công ty hàng đầu Hoa Kỳ,3,approved,Tên riêng
clayton act,Clayton Act,,,Đạo luật Clayton (đạo luật chống độc quyền của Hoa Kỳ),3,approved,Tên riêng
code of ethics,bộ quy tắc đạo đức,bộ quy tắc đạo đức,,,3,approved,
codes of conduct,các quy tắc ứng xử,các quy tắc ứng xử,,,3,approved,
competition laws,luật cạnh tranh,luật cạnh tranh,,,3,approved,
continental edison company,Continental Edison Company,,,,3,approved,Tên riêng
contracts,Contracts,,,,3,approved,Tên riêng
da silva,da Silva,,,,3,approved,Tên riêng
deontology,đạo đức học nghĩa vụ,đạo đức học nghĩa vụ,,,3,approved,
dodge,Dodge,,,,3,approved,Tên riêng
dodge motor company,Dodge Motor Company,,,,3,approved,Tên riêng
duty-based ethics,đạo đức dựa trên bổn phận,đạo đức dựa trên bổn phận,,,3,approved,
eli lilly,Eli Lilly,,,,3,approved,Tên riêng
equifax,Equifax,,,,3,approved,Tên riêng
federal trade commission act,Federal Trade Commission Act,,,,3,approved,Tên riêng
ford motor company,Ford Motor Company,,,,3,approved,Tên riêng
fryman,Fryman,,,,3,approved,Tên riêng
hippocrates,Hippocrates,,,,3,approved,Tên riêng
hippocratic oath,Hippocratic Oath,,,,3,approved,Tên riêng
intel corporation,Intel Corporation,,,,3,approved,Tên riêng
kaizen,Kaizen,,,,3,approved,Tên riêng
kantian,Kantian,,,,3,approved,Tên riêng
lula,Lula,,,,3,approved,Tên riêng
mcdonald’s,McDonald’s,,,,3,approved,Tên riêng
moral compass,moral compass,,,,3,approved,Tên riêng
morals,morals,,,,3,approved,Tên riêng
normative ethical theories,normative ethical theories,,,,3,approved,Tên riêng
petrobras,Petrobras,,,,3,approved,Tên riêng
protestant work ethic,Protestant work ethic,,,,3,approved,Tên riêng
rousseff,Rousseff,,,,3,approved,Tên riêng
samsung electronics,Samsung Electronics,,,,3,approved,Tên riêng
shareholder primacy,shareholder primacy,,,,3,approved,Tên riêng
shareholders,shareholders,,,,3,approved,Tên riêng
sherman act,Sherman Act,,,,3,approved,Tên riêng
shkreli,Shkreli,,,,3,approved,Tên riêng
stakeholders,stakeholders,,,,3,approved,Tên riêng
stumpf,Stumpf,,,,3,approved,Tên riêng
techcrunch,TechCrunch,,,,3,approved,Tên riêng
tesla,Tesla,,,,3,approved,Tên riêng
tesla electric light,Tesla Electric Light,,,,3,approved,Tên riêng
torts,Torts,,,,3,approved,Tên riêng
toyota,Toyota,,,,3,approved,Tên riêng
turing pharmaceuticals,Turing Pharmaceuticals,,,,3,approved,Tên riêng
utilitarian ethics,Utilitarian ethics,,,,3,approved,Tên riêng
utilitarianism,utilitarianism,,,,3,approved,Tên riêng
vicarious liability,vicarious liability,,,,3,approved,Tên riêng
virtue ethics,virtue ethics,,,,3,approved,Tên riêng
volkswagen,Volkswagen,,,,3,approved,Tên riêng
wells fargo,Wells Fargo,,,,3,approved,Tên riêng
winterkorn,Winterkorn,,,,3,approved,Tên riêng
world’s most ethical companies,World’s Most Ethical Companies,,,,3,approved,Tên riêng
pitch competitions,các cuộc thi pitch,các cuộc thi pitch,plural of pitch competition,số nhiều của cuộc thi pitch,Chương 7,approved,Source: Extracted from Chapter 7
advisory board,hội đồng cố vấn,hội đồng cố vấn,"group of advisors that helps an organization make strategic decisions about the business, bringing certain knowledge and experience that can bring a new perspective on issues without having the actual authority to vote or govern","nhóm các cố vấn giúp tổ chức đưa ra các quyết định chiến lược về hoạt động kinh doanh, mang đến kiến thức và kinh nghiệm nhất định nhằm cung cấp góc nhìn mới về các vấn đề mà không có quyền biểu quyết hay quyền quản trị chính thức",Chương 14,approved,Source: Extracted from Chapter 14
decision tree,cây quyết định,cây quyết định,"flowchart diagram used to explore the outcomes of different decisions","sơ đồ dạng lưu đồ được sử dụng để khám phá các kết quả của những quyết định khác nhau",Chương 14,approved,Source: Extracted from Chapter 14
economic factors,các yếu tố kinh tế,các yếu tố kinh tế,"inflation, interest, employment, and currency exchange rates, and other factors that impact the business owner's pricing of goods or services, the demand for such services, and the cost of production","các yếu tố như lạm phát, lãi suất, việc làm và tỷ giá hối đoái (cùng nhiều yếu tố khác) ảnh hưởng đến việc định giá hàng hóa hoặc dịch vụ của chủ doanh nghiệp, nhu cầu đối với các dịch vụ đó và chi phí sản xuất",Chương 14,approved,Source: Extracted from Chapter 14
funding resources,nguồn tài trợ,nguồn tài trợ,"financial resources available to entrepreneurs to start, maintain, or grow a business, including loans, grants, equity, crowdfunding, and personal savings","các nguồn lực tài chính sẵn có cho doanh nhân để khởi nghiệp, duy trì hoặc phát triển doanh nghiệp, bao gồm vay vốn, trợ cấp, vốn chủ sở hữu, gọi vốn cộng đồng và tiết kiệm cá nhân",Chương 14,approved,Source: Extracted from Chapter 14
human resources,nguồn nhân lực,nguồn nhân lực,"people hired by the entrepreneur to perform various duties in the business, provide customer service, or produce the goods","những người được doanh nhân tuyển dụng để thực hiện các nhiệm vụ khác nhau trong doanh nghiệp, cung cấp dịch vụ khách hàng hoặc sản xuất hàng hóa",Chương 14,approved,Source: Extracted from Chapter 14
intangible resources,nguồn lực vô hình,nguồn lực vô hình,"assets that cannot be seen, touched, or felt, such as intellectual property, patents, designs, and processes","các tài sản không thể nhìn thấy, chạm vào hoặc cảm nhận được, như tài sản trí tuệ, bằng sáng chế, thiết kế và quy trình",Chương 14,approved,Source: Extracted from Chapter 14
line of credit,hạn mức tín dụng,hạn mức tín dụng,"lending of funds in exchange for a promise to repay","việc cho vay vốn để đổi lấy cam kết hoàn trả",Chương 14,approved,Source: Extracted from Chapter 14
outsourcing,thuê ngoài,thuê ngoài,"hiring an outside company or third party to perform a specific task, job, or process, or to manufacture goods","việc thuê một công ty bên ngoài hoặc bên thứ ba để thực hiện một nhiệm vụ, công việc hoặc quy trình cụ thể, hoặc để sản xuất hàng hóa",Chương 14,approved,Source: Extracted from Chapter 14
pest framework,mô hình PEST,mô hình PEST,"framework that can be used to distinguish political, economic, sociocultural, and technological factors influencing access to needed resources","mô hình được sử dụng để phân biệt các yếu tố chính trị, kinh tế, xã hội–văn hóa và công nghệ ảnh hưởng đến khả năng tiếp cận các nguồn lực cần thiết",Chương 14,approved,Source: Extracted from Chapter 14
political factors,các yếu tố chính trị,các yếu tố chính trị,"stem from changes in politics, such as the policies of a new presidential administration or congressional legislation, as well as of state and local offices","phát sinh từ những thay đổi trong chính trị, chẳng hạn như các chính sách của chính quyền mới hoặc các đạo luật của cơ quan lập pháp, cũng như từ cấp bang và địa phương",Chương 14,approved,Source: Extracted from Chapter 14
pre-launch costs,chi phí trước khi ra mắt,chi phí trước khi ra mắt,"cost of all the resources needed to open the business to the public","chi phí của toàn bộ các nguồn lực cần thiết để đưa doanh nghiệp ra hoạt động công khai",Chương 14,approved,Source: Extracted from Chapter 14
quotas,hạn ngạch,hạn ngạch,"specific number of units allowed into a country; sometimes quotas are limited to one source, such as one country, and sometimes the limit is placed on aggregate quantity regardless of source(s)","số lượng đơn vị cụ thể được phép nhập khẩu vào một quốc gia; đôi khi hạn ngạch được giới hạn cho một nguồn, chẳng hạn như một quốc gia, và đôi khi giới hạn được áp dụng cho tổng lượng bất kể nguồn",Chương 14,approved,Source: Extracted from Chapter 14
resource dependence theory (rdt) model,mô hình lý thuyết phụ thuộc nguồn lực (RDT),mô hình lý thuyết phụ thuộc nguồn lực (RDT),"model creating networks with business partners through mergers, vertical integration, joint ventures, or engaging in joint political activities to slow dependency among member groups","mô hình tạo lập mạng lưới với các đối tác kinh doanh thông qua sáp nhập, tích hợp dọc, liên doanh hoặc tham gia các hoạt động chính trị chung nhằm giảm sự phụ thuộc giữa các nhóm thành viên",Chương 14,approved,Source: Extracted from Chapter 14
service mark,nhãn hiệu dịch vụ,nhãn hiệu dịch vụ,"word, phrase, symbol, or graphic that identifies the origin or source of a service","từ, cụm từ, biểu tượng hoặc hình ảnh xác định nguồn gốc của một dịch vụ",Chương 14,approved,Source: Extracted from Chapter 14
sociocultural factors,các yếu tố xã hội–văn hóa,các yếu tố xã hội–văn hóa,"changes in how society is moving and the direction of that movement as it relates to a customer base and potential new markets","những thay đổi trong cách xã hội vận động và hướng đi của sự vận động đó liên quan đến tập khách hàng và các thị trường tiềm năng mới",Chương 14,approved,Source: Extracted from Chapter 14
tangible resources,nguồn lực hữu hình,nguồn lực hữu hình,"assets that have a physical form as they can be seen, touched, and felt","các tài sản có hình thái vật lý, có thể nhìn thấy, chạm và cảm nhận",Chương 14,approved,Source: Extracted from Chapter 14
tariffs,thuế quan,thuế quan,"taxes or duties that are added to imported goods from another nation","các loại thuế hoặc phí áp dụng lên hàng hóa nhập khẩu từ quốc gia khác",Chương 14,approved,Source: Extracted from Chapter 14
technological factors,các yếu tố công nghệ,các yếu tố công nghệ,"technological equipment and tools the enterprise needs to be sure it operates efficiently","các thiết bị và công cụ công nghệ mà doanh nghiệp cần để đảm bảo hoạt động hiệu quả",Chương 14,approved,Source: Extracted from Chapter 14
buyback clause,điều khoản mua lại,điều khoản mua lại,"legal agreement regarding an exit by a founding team member prior to the harvesting of the venture","thỏa thuận pháp lý liên quan đến việc một thành viên sáng lập rút lui trước khi doanh nghiệp thu được thành quả",Chương 15,approved,Source: Extracted from Chapter 15
company culture,văn hóa công ty,văn hóa công ty,"shared beliefs, values and assumptions held by people regarding how to behave or conduct themselves within the context of fitting into an organization","các niềm tin, giá trị và giả định chung của mọi người về cách hành xử hoặc cư xử để phù hợp trong một tổ chức",Chương 15,approved,Source: Extracted from Chapter 15
delphi method,phương pháp Delphi,phương pháp Delphi,"group decision-making process that includes a diverse group of people who are located at different locations and willing to respond to a series of questionnaires to assist in providing ideas, information or solutions to a defined question or problem","phương pháp ra quyết định nhóm gồm nhiều người đa dạng ở các địa điểm khác nhau, sẵn sàng trả lời một loạt bảng câu hỏi để hỗ trợ đưa ra ý tưởng, thông tin hoặc giải pháp cho một câu hỏi hoặc vấn đề xác định",Chương 15,approved,Source: Extracted from Chapter 15
escalation of commitment,sự leo thang cam kết,sự leo thang cam kết,"tendency to continue with a predetermined action based on the past efforts and contributions to the project rather than an analysis of the current realities that disclose a new solution or approach is necessary","xu hướng tiếp tục một hành động đã định trước dựa trên nỗ lực và đóng góp trong quá khứ thay vì phân tích thực tế hiện tại cho thấy cần một giải pháp hoặc cách tiếp cận mới",Chương 15,approved,Source: Extracted from Chapter 15
fail-safe points,điểm kiểm soát an toàn,điểm kiểm soát an toàn,"predetermined trigger points within the business plan that alert the entrepreneur to consider what actions are needed to bring the venture back to a healthy position","các điểm kích hoạt được xác định trước trong kế hoạch kinh doanh, cảnh báo doanh nhân xem xét các hành động cần thiết để đưa doanh nghiệp trở lại vị thế lành mạnh",Chương 15,approved,Source: Extracted from Chapter 15
founders' agreement,thỏa thuận giữa các nhà sáng lập,thỏa thuận giữa các nhà sáng lập,"written document that addresses contractual topics such as division of equity, compensation, contributions to the venture, and commitments to the venture with timelines included","tài liệu bằng văn bản đề cập đến các vấn đề hợp đồng như phân chia cổ phần, thù lao, đóng góp cho doanh nghiệp và các cam kết với doanh nghiệp kèm theo mốc thời gian",Chương 15,approved,Source: Extracted from Chapter 15
gantt chart,biểu đồ Gantt,biểu đồ Gantt,"bar chart used to organize and plan sequential steps in a process","biểu đồ dạng thanh dùng để tổ chức và lập kế hoạch các bước tuần tự trong một quy trình",Chương 15,approved,Source: Extracted from Chapter 15
hindsight bias,thiên kiến nhìn lại,thiên kiến nhìn lại,"belief that, in retrospect, the outcome was predictable when the outcome wasn't predictable due to various uncontrollable factors","niềm tin rằng khi nhìn lại thì kết quả có thể dự đoán được trong khi thực tế không thể dự đoán do nhiều yếu tố không kiểm soát được",Chương 15,approved,Source: Extracted from Chapter 15
hubris,sự tự cao,sự tự cao,"overinflated belief in oneself","niềm tin quá mức vào bản thân",Chương 15,approved,Source: Extracted from Chapter 15
nominal group,kỹ thuật nhóm danh nghĩa,kỹ thuật nhóm danh nghĩa,"group decision-making technique in which participants independently write their thoughts, which are then shared, discussed, and ranked to reach consensus","kỹ thuật ra quyết định nhóm trong đó các thành viên độc lập ghi lại suy nghĩ, sau đó chia sẻ, thảo luận và xếp hạng để đạt đồng thuận",Chương 15,approved,Source: Extracted from Chapter 15
link to learning,liên kết học tập,liên kết học tập/mục chuyên đề liên kết học tập,feature box title,,Chung,approved,Source: Bổ sung nhất quán tiêu đề
are you ready?,bạn đã sẵn sàng chưa?,bạn đã sẵn sàng chưa?/mục chuyên đề bạn đã sẵn sàng chưa?,feature box title,,Chung,approved,Source: Bổ sung nhất quán tiêu đề
work it out,thực hành,thực hành/mục chuyên đề thực hành,feature box title,,Chung,approved,Source: Bổ sung nhất quán tiêu đề
what can you do?,bạn có thể làm gì?,bạn có thể làm gì?/mục chuyên đề bạn có thể làm gì?,feature box title,,Chung,approved,Source: Bổ sung nhất quán tiêu đề
learning objectives,mục tiêu học tập,mục tiêu học tập,header,,Chung,approved,Source: Bổ sung nhất quán tiêu đề
suggested resources,tài nguyên gợi ý,tài nguyên gợi ý,header,,Chung,approved,Source: Bổ sung nhất quán tiêu đề
key terms,thuật ngữ chính,thuật ngữ chính,header,,Chung,approved,Source: Bổ sung nhất quán tiêu đề
review questions,câu hỏi ôn tập,câu hỏi ôn tập,header,,Chung,approved,Source: Bổ sung nhất quán tiêu đề
discussion questions,câu hỏi thảo luận,câu hỏi thảo luận,header,,Chung,approved,Source: Bổ sung nhất quán tiêu đề
case questions,câu hỏi tình huống,câu hỏi tình huống,header,,Chung,approved,Source: Bổ sung nhất quán tiêu đề
chapter outline,dàn ý chương,dàn ý chương,header,,Chung,approved,Source: Bổ sung nhất quán tiêu đề
